Voltage (V vs Li/Li+),Electrolyte,Molar ratio cathode/(cathode+SE),Reaction,Erxn (eV/atom)
1.0,Li3YCl6,0.5714,0.5714 FeF3 + 0.4286 Li3YCl6 + 1.714 Li -> 0.4286 LiYF4 + 0.5714 Fe + 2.571 LiCl,-0.6497
1.0,Li3YCl6,1.0000,FeF3 + 3 Li -> 3 LiF + Fe,-1.3603
1.1,Li3YCl6,0.5714,0.5714 FeF3 + 0.4286 Li3YCl6 + 1.714 Li -> 0.4286 LiYF4 + 0.5714 Fe + 2.571 LiCl,-0.6173
1.1,Li3YCl6,1.0000,FeF3 + 3 Li -> 3 LiF + Fe,-1.2853
1.2,Li3YCl6,0.5714,0.5714 FeF3 + 0.4286 Li3YCl6 + 1.714 Li -> 0.4286 LiYF4 + 0.5714 Fe + 2.571 LiCl,-0.5849
1.2,Li3YCl6,1.0000,FeF3 + 3 Li -> 3 LiF + Fe,-1.2103
1.3,Li3YCl6,0.5714,0.5714 FeF3 + 0.4286 Li3YCl6 + 1.714 Li -> 0.4286 LiYF4 + 0.5714 Fe + 2.571 LiCl,-0.5524
1.3,Li3YCl6,1.0000,FeF3 + 3 Li -> 3 LiF + Fe,-1.1353
1.4,Li3YCl6,0.5714,0.5714 FeF3 + 0.4286 Li3YCl6 + 1.714 Li -> 0.4286 LiYF4 + 0.5714 Fe + 2.571 LiCl,-0.52
1.4,Li3YCl6,1.0000,FeF3 + 3 Li -> 3 LiF + Fe,-1.0603
1.5,Li3YCl6,0.5714,0.5714 FeF3 + 0.4286 Li3YCl6 + 1.714 Li -> 0.4286 LiYF4 + 0.5714 Fe + 2.571 LiCl,-0.4876
1.5,Li3YCl6,1.0000,FeF3 + 3 Li -> 3 LiF + Fe,-0.9853
1.6,Li3YCl6,0.5714,0.5714 FeF3 + 0.4286 Li3YCl6 + 1.714 Li -> 0.4286 LiYF4 + 0.5714 Fe + 2.571 LiCl,-0.4551
1.6,Li3YCl6,1.0000,FeF3 + 3 Li -> 3 LiF + Fe,-0.9103
1.7,Li3YCl6,0.5714,0.5714 FeF3 + 0.4286 Li3YCl6 + 1.714 Li -> 0.4286 LiYF4 + 0.5714 Fe + 2.571 LiCl,-0.4227
1.7,Li3YCl6,1.0000,FeF3 + 3 Li -> 3 LiF + Fe,-0.8353
1.8,Li3YCl6,0.5714,0.5714 FeF3 + 0.4286 Li3YCl6 + 1.714 Li -> 0.4286 LiYF4 + 0.5714 Fe + 2.571 LiCl,-0.3903
1.8,Li3YCl6,1.0000,FeF3 + 3 Li -> 3 LiF + Fe,-0.7603
1.9,Li3YCl6,0.5714,0.5714 FeF3 + 0.4286 Li3YCl6 + 1.714 Li -> 0.4286 LiYF4 + 0.5714 Fe + 2.571 LiCl,-0.3578
1.9,Li3YCl6,1.0000,FeF3 + 3 Li -> 3 LiF + Fe,-0.6853
2.0,Li3YCl6,0.5714,0.5714 FeF3 + 0.4286 Li3YCl6 + 1.714 Li -> 0.4286 LiYF4 + 0.5714 Fe + 2.571 LiCl,-0.3254
2.0,Li3YCl6,1.0000,FeF3 + 3 Li -> 3 LiF + Fe,-0.6103
2.1,Li3YCl6,0.5714,0.5714 FeF3 + 0.4286 Li3YCl6 + 1.714 Li -> 0.4286 LiYF4 + 0.5714 Fe + 2.571 LiCl,-0.293
2.1,Li3YCl6,1.0000,FeF3 + 3 Li -> 3 LiF + Fe,-0.5353
2.2,Li3YCl6,0.5714,0.5714 FeF3 + 0.4286 Li3YCl6 + 1.714 Li -> 0.4286 LiYF4 + 0.5714 Fe + 2.571 LiCl,-0.2605
2.2,Li3YCl6,1.0000,FeF3 + 3 Li -> 3 LiF + Fe,-0.4603
2.3,Li3YCl6,0.5714,0.5714 FeF3 + 0.4286 Li3YCl6 + 1.714 Li -> 0.4286 LiYF4 + 0.5714 Fe + 2.571 LiCl,-0.2281
2.3,Li3YCl6,1.0000,FeF3 + 3 Li -> 3 LiF + Fe,-0.3853
2.4,Li3YCl6,0.5714,0.5714 FeF3 + 0.4286 Li3YCl6 + 1.714 Li -> 0.4286 LiYF4 + 0.5714 Fe + 2.571 LiCl,-0.1957
2.4,Li3YCl6,1.0000,FeF3 + 3 Li -> 3 LiF + Fe,-0.3103
2.5,Li3YCl6,0.5714,0.5714 FeF3 + 0.4286 Li3YCl6 + 1.714 Li -> 0.4286 LiYF4 + 0.5714 Fe + 2.571 LiCl,-0.1632
2.5,Li3YCl6,0.8000,0.8 FeF3 + 0.2 Li3YCl6 + 0.8 Li -> 0.2 LiYF4 + 1.2 LiCl + 0.8 FeF2,-0.2162
2.5,Li3YCl6,1.0000,FeF3 + Li -> LiF + FeF2,-0.2634
2.6,Li3YCl6,0.5714,0.5714 FeF3 + 0.4286 Li3YCl6 + 0.5714 Li -> 0.5714 FeCl2 + 0.4286 LiYF4 + 1.429 LiCl,-0.134
2.6,Li3YCl6,0.8000,0.8 FeF3 + 0.2 Li3YCl6 + 0.8 Li -> 0.2 LiYF4 + 1.2 LiCl + 0.8 FeF2,-0.1989
2.6,Li3YCl6,1.0000,FeF3 + Li -> LiF + FeF2,-0.2384
2.7,Li3YCl6,0.5714,0.5714 FeF3 + 0.4286 Li3YCl6 + 0.5714 Li -> 0.4286 LiYF4 + 0.5714 FeCl2 + 1.429 LiCl,-0.1232
2.7,Li3YCl6,0.8000,0.8 FeF3 + 0.2 Li3YCl6 + 0.8 Li -> 0.2 LiYF4 + 1.2 LiCl + 0.8 FeF2,-0.1815
2.7,Li3YCl6,1.0000,FeF3 + Li -> LiF + FeF2,-0.2134
2.8,Li3YCl6,0.5714,0.5714 FeF3 + 0.4286 Li3YCl6 -> 0.5714 LiFeCl4 + 0.4286 LiYF4 + 0.2857 LiCl,-0.1128
2.8,Li3YCl6,0.8000,0.8 FeF3 + 0.2 Li3YCl6 + 0.8 Li -> 0.2 LiYF4 + 1.2 LiCl + 0.8 FeF2,-0.1641
2.8,Li3YCl6,1.0000,FeF3 + Li -> LiF + FeF2,-0.1884
2.9,Li3YCl6,0.5714,0.5714 FeF3 + 0.4286 Li3YCl6 -> 0.5714 LiFeCl4 + 0.4286 LiYF4 + 0.2857 LiCl,-0.1128
2.9,Li3YCl6,0.8000,0.8 FeF3 + 0.2 Li3YCl6 + 0.8 Li -> 0.2 LiYF4 + 1.2 LiCl + 0.8 FeF2,-0.1467
2.9,Li3YCl6,1.0000,FeF3 + Li -> LiF + FeF2,-0.1634
3.0,Li3YCl6,0.5714,0.5714 FeF3 + 0.4286 Li3YCl6 -> 0.5714 LiFeCl4 + 0.4286 LiYF4 + 0.2857 LiCl,-0.1128
3.0,Li3YCl6,0.8000,0.8 FeF3 + 0.2 Li3YCl6 + 0.8 Li -> 0.2 LiYF4 + 1.2 LiCl + 0.8 FeF2,-0.1293
3.0,Li3YCl6,1.0000,FeF3 + Li -> LiF + FeF2,-0.1384
3.1,Li3YCl6,0.5714,0.5714 FeF3 + 0.4286 Li3YCl6 -> 0.5714 LiFeCl4 + 0.4286 LiYF4 + 0.2857 LiCl,-0.1128
3.1,Li3YCl6,0.6000,0.6 FeF3 + 0.4 Li3YCl6 -> 0.6 LiFeCl4 + 0.4 LiYF4 + 0.2 LiF,-0.1131
3.1,Li3YCl6,1.0000,FeF3 + Li -> LiF + FeF2,-0.1134
3.2,Li3YCl6,0.5714,0.5714 FeF3 + 0.4286 Li3YCl6 -> 0.5714 LiFeCl4 + 0.4286 LiYF4 + 0.2857 LiCl,-0.1128
3.2,Li3YCl6,0.6000,0.6 FeF3 + 0.4 Li3YCl6 -> 0.6 LiFeCl4 + 0.4 LiYF4 + 0.2 LiF,-0.1131
3.2,Li3YCl6,1.0000,FeF3 + Li -> LiF + FeF2,-0.0884
3.3,Li3YCl6,0.5714,0.5714 FeF3 + 0.4286 Li3YCl6 -> 0.5714 LiFeCl4 + 0.4286 LiYF4 + 0.2857 LiCl,-0.1128
3.3,Li3YCl6,0.6000,0.6 FeF3 + 0.4 Li3YCl6 -> 0.6 LiFeCl4 + 0.4 LiYF4 + 0.2 LiF,-0.1131
3.3,Li3YCl6,0.6250,0.625 FeF3 + 0.375 Li3YCl6 -> 0.5625 LiFeCl4 + 0.0625 Li3FeF6 + 0.375 LiYF4,-0.1112
3.3,Li3YCl6,1.0000,FeF3 + 0.75 Li -> 0.25 Li3FeF6 + 0.75 FeF2,-0.0665
3.4,Li3YCl6,0.5714,0.5714 FeF3 + 0.4286 Li3YCl6 -> 0.5714 LiFeCl4 + 0.4286 LiYF4 + 0.2857 LiCl,-0.1128
3.4,Li3YCl6,0.6000,0.6 FeF3 + 0.4 Li3YCl6 -> 0.6 LiFeCl4 + 0.4 LiYF4 + 0.2 LiF,-0.1131
3.4,Li3YCl6,0.6250,0.625 FeF3 + 0.375 Li3YCl6 -> 0.5625 LiFeCl4 + 0.0625 Li3FeF6 + 0.375 LiYF4,-0.1112
3.4,Li3YCl6,1.0000,FeF3 + 0.75 Li -> 0.25 Li3FeF6 + 0.75 FeF2,-0.0477
3.5,Li3YCl6,0.5714,0.5714 FeF3 + 0.4286 Li3YCl6 -> 0.5714 LiFeCl4 + 0.4286 LiYF4 + 0.2857 LiCl,-0.1128
3.5,Li3YCl6,0.6000,0.6 FeF3 + 0.4 Li3YCl6 -> 0.6 LiFeCl4 + 0.4 LiYF4 + 0.2 LiF,-0.1131
3.5,Li3YCl6,0.6250,0.625 FeF3 + 0.375 Li3YCl6 -> 0.5625 LiFeCl4 + 0.0625 Li3FeF6 + 0.375 LiYF4,-0.1112
3.5,Li3YCl6,1.0000,FeF3 + 0.75 Li -> 0.25 Li3FeF6 + 0.75 FeF2,-0.029
3.6,Li3YCl6,0.5714,0.5714 FeF3 + 0.4286 Li3YCl6 -> 0.5714 LiFeCl4 + 0.4286 LiYF4 + 0.2857 LiCl,-0.1128
3.6,Li3YCl6,0.6000,0.6 FeF3 + 0.4 Li3YCl6 -> 0.6 LiFeCl4 + 0.4 LiYF4 + 0.2 LiF,-0.1131
3.6,Li3YCl6,0.6250,0.625 FeF3 + 0.375 Li3YCl6 -> 0.5625 LiFeCl4 + 0.0625 Li3FeF6 + 0.375 LiYF4,-0.1112
3.6,Li3YCl6,1.0000,FeF3 + 0.5 Li -> 0.5 LiFe2F6,-0.0109
3.7,Li3YCl6,0.5714,0.5714 FeF3 + 0.4286 Li3YCl6 -> 0.5714 LiFeCl4 + 0.4286 LiYF4 + 0.2857 LiCl,-0.1128
3.7,Li3YCl6,0.6000,0.6 FeF3 + 0.4 Li3YCl6 -> 0.6 LiFeCl4 + 0.4 LiYF4 + 0.2 LiF,-0.1131
3.7,Li3YCl6,0.6250,0.625 FeF3 + 0.375 Li3YCl6 -> 0.5625 LiFeCl4 + 0.0625 Li3FeF6 + 0.375 LiYF4,-0.1112
3.8,Li3YCl6,0.5714,0.5714 FeF3 + 0.4286 Li3YCl6 -> 0.5714 LiFeCl4 + 0.4286 LiYF4 + 0.2857 LiCl,-0.1128
3.8,Li3YCl6,0.6000,0.6 FeF3 + 0.4 Li3YCl6 -> 0.6 LiFeCl4 + 0.4 LiYF4 + 0.2 LiF,-0.1131
3.8,Li3YCl6,0.6250,0.625 FeF3 + 0.375 Li3YCl6 -> 0.5625 LiFeCl4 + 0.0625 Li3FeF6 + 0.375 LiYF4,-0.1112
3.9,Li3YCl6,0.5714,0.5714 FeF3 + 0.4286 Li3YCl6 -> 0.5714 LiFeCl4 + 0.4286 LiYF4 + 0.2857 LiCl,-0.1128
3.9,Li3YCl6,0.6000,0.6 FeF3 + 0.4 Li3YCl6 -> 0.6 LiFeCl4 + 0.4 LiYF4 + 0.2 LiF,-0.1131
3.9,Li3YCl6,0.6250,0.625 FeF3 + 0.375 Li3YCl6 -> 0.0625 Li3FeF6 + 0.5625 LiFeCl4 + 0.375 LiYF4,-0.1112
4.0,Li3YCl6,0.5714,0.5714 FeF3 + 0.4286 Li3YCl6 -> 0.5714 LiFeCl4 + 0.4286 LiYF4 + 0.2857 LiCl,-0.1128
4.0,Li3YCl6,0.6000,0.6 FeF3 + 0.4 Li3YCl6 -> 0.6 LiFeCl4 + 0.4 LiYF4 + 0.2 LiF,-0.1131
4.0,Li3YCl6,0.6250,0.625 FeF3 + 0.375 Li3YCl6 -> 0.0625 Li3FeF6 + 0.5625 LiFeCl4 + 0.375 LiYF4,-0.1112
4.1,Li3YCl6,0.5714,0.5714 FeF3 + 0.4286 Li3YCl6 -> 0.5714 LiFeCl4 + 0.4286 LiYF4 + 0.2857 LiCl,-0.1128
4.1,Li3YCl6,0.6000,0.6 FeF3 + 0.4 Li3YCl6 -> 0.6 LiFeCl4 + 0.4 LiYF4 + 0.2 LiF,-0.1131
4.1,Li3YCl6,0.6250,0.625 FeF3 + 0.375 Li3YCl6 -> 0.0625 Li3FeF6 + 0.5625 LiFeCl4 + 0.375 LiYF4,-0.1112
4.2,Li3YCl6,0.5714,0.5714 FeF3 + 0.4286 Li3YCl6 -> 0.5714 Li + 0.5714 FeCl4 + 0.4286 LiYF4 + 0.2857 LiCl,-0.1192
4.2,Li3YCl6,0.6000,0.6 FeF3 + 0.4 Li3YCl6 -> 0.6 Li + 0.6 FeCl4 + 0.4 LiYF4 + 0.2 LiF,-0.1199
4.2,Li3YCl6,0.6250,0.625 FeF3 + 0.375 Li3YCl6 -> 0.5625 Li + 0.0625 Li3FeF6 + 0.5625 FeCl4 + 0.375 LiYF4,-0.1178
1.0,Li2.4Y0.4Zr0.6Cl6,0.0000,Li2.4Y0.4Zr0.6Cl6 + 2.4 Li -> 0.4 YCl3 + 0.6 Zr + 4.8 LiCl,-0.1506
1.0,Li2.4Y0.4Zr0.6Cl6,0.1667,0.1667 FeF3 + 0.8333 Li2.4Y0.4Zr0.6Cl6 + 2.5 Li -> 0.1667 Zr3Fe + 0.2083 YCl3 + 0.125 LiYF4 + 4.375 LiCl,-0.3005
1.0,Li2.4Y0.4Zr0.6Cl6,0.3478,0.3478 FeF3 + 0.6522 Li2.4Y0.4Zr0.6Cl6 + 2.609 Li -> 0.08696 Zr3Fe + 0.2609 LiYF4 + 3.913 LiCl + 0.1304 ZrFe2,-0.4912
1.0,Li2.4Y0.4Zr0.6Cl6,0.5455,0.5455 FeF3 + 0.4545 Li2.4Y0.4Zr0.6Cl6 + 2.727 Li -> 0.1818 LiYF4 + 0.9091 LiF + 2.727 LiCl + 0.2727 ZrFe2,-0.7112
1.0,Li2.4Y0.4Zr0.6Cl6,1.0000,FeF3 + 3 Li -> Fe + 3 LiF,-1.3603
1.1,Li2.4Y0.4Zr0.6Cl6,0.0000,Li2.4Y0.4Zr0.6Cl6 + 1.8 Li -> 0.6 ZrCl + 0.4 YCl3 + 4.2 LiCl,-0.1168
1.1,Li2.4Y0.4Zr0.6Cl6,0.1667,0.1667 FeF3 + 0.8333 Li2.4Y0.4Zr0.6Cl6 + 2.5 Li -> 0.1667 Zr3Fe + 0.2083 YCl3 + 0.125 LiYF4 + 4.375 LiCl,-0.262
1.1,Li2.4Y0.4Zr0.6Cl6,0.3478,0.3478 FeF3 + 0.6522 Li2.4Y0.4Zr0.6Cl6 + 2.609 Li -> 0.08696 Zr3Fe + 0.2609 LiYF4 + 3.913 LiCl + 0.1304 ZrFe2,-0.4474
1.1,Li2.4Y0.4Zr0.6Cl6,0.5455,0.5455 FeF3 + 0.4545 Li2.4Y0.4Zr0.6Cl6 + 2.727 Li -> 0.1818 LiYF4 + 0.9091 LiF + 2.727 LiCl + 0.2727 ZrFe2,-0.6603
1.1,Li2.4Y0.4Zr0.6Cl6,1.0000,FeF3 + 3 Li -> Fe + 3 LiF,-1.2853
1.2,Li2.4Y0.4Zr0.6Cl6,0.0000,Li2.4Y0.4Zr0.6Cl6 + 1.8 Li -> 0.4 YCl3 + 0.6 ZrCl + 4.2 LiCl,-0.0911
1.2,Li2.4Y0.4Zr0.6Cl6,0.3478,0.3478 FeF3 + 0.6522 Li2.4Y0.4Zr0.6Cl6 + 2.391 Li -> 0.2609 LiYF4 + 0.2174 ZrCl + 3.696 LiCl + 0.1739 ZrFe2,-0.4072
1.2,Li2.4Y0.4Zr0.6Cl6,0.5455,0.5455 FeF3 + 0.4545 Li2.4Y0.4Zr0.6Cl6 + 2.727 Li -> 0.1818 LiYF4 + 0.9091 LiF + 2.727 LiCl + 0.2727 ZrFe2,-0.6095
1.2,Li2.4Y0.4Zr0.6Cl6,1.0000,FeF3 + 3 Li -> Fe + 3 LiF,-1.2103
1.3,Li2.4Y0.4Zr0.6Cl6,0.0000,Li2.4Y0.4Zr0.6Cl6 + 1.2 Li -> 0.6 ZrCl2 + 0.4 YCl3 + 3.6 LiCl,-0.066
1.3,Li2.4Y0.4Zr0.6Cl6,0.0909,0.09091 FeF3 + 0.9091 Li2.4Y0.4Zr0.6Cl6 + 1.182 Li -> 0.09091 Zr6FeCl14 + 0.06818 LiYF4 + 0.2955 YCl3 + 3.295 LiCl,-0.1412
1.3,Li2.4Y0.4Zr0.6Cl6,0.3478,0.3478 FeF3 + 0.6522 Li2.4Y0.4Zr0.6Cl6 + 2.055 Li -> 0.03953 Zr6FeCl14 + 0.2609 LiYF4 + 0.1542 ZrFe2 + 3.36 LiCl,-0.37
1.3,Li2.4Y0.4Zr0.6Cl6,0.4776,0.4776 FeF3 + 0.5224 Li2.4Y0.4Zr0.6Cl6 + 2.388 Li -> 0.209 LiYF4 + 0.2388 ZrFe2 + 0.07463 Li4ZrF8 + 3.134 LiCl,-0.4905
1.3,Li2.4Y0.4Zr0.6Cl6,0.5455,0.5455 FeF3 + 0.4545 Li2.4Y0.4Zr0.6Cl6 + 2.727 Li -> 0.1818 LiYF4 + 0.2727 ZrFe2 + 0.9091 LiF + 2.727 LiCl,-0.5586
1.3,Li2.4Y0.4Zr0.6Cl6,1.0000,FeF3 + 3 Li -> 3 LiF + Fe,-1.1353
1.4,Li2.4Y0.4Zr0.6Cl6,0.0000,Li2.4Y0.4Zr0.6Cl6 + 1.2 Li -> 0.6 ZrCl2 + 0.4 YCl3 + 3.6 LiCl,-0.0489
1.4,Li2.4Y0.4Zr0.6Cl6,0.0909,0.09091 FeF3 + 0.9091 Li2.4Y0.4Zr0.6Cl6 + 1.182 Li -> 0.09091 Zr6FeCl14 + 0.06818 LiYF4 + 0.2955 YCl3 + 3.295 LiCl,-0.1236
1.4,Li2.4Y0.4Zr0.6Cl6,0.3478,0.3478 FeF3 + 0.6522 Li2.4Y0.4Zr0.6Cl6 + 2.055 Li -> 0.03953 Zr6FeCl14 + 0.2609 LiYF4 + 0.1542 ZrFe2 + 3.36 LiCl,-0.3355
1.4,Li2.4Y0.4Zr0.6Cl6,0.4643,0.4643 FeF3 + 0.5357 Li2.4Y0.4Zr0.6Cl6 + 2.321 Li -> 0.08929 Li2ZrF6 + 0.2143 LiYF4 + 0.2321 ZrFe2 + 3.214 LiCl,-0.4358
1.4,Li2.4Y0.4Zr0.6Cl6,0.4776,0.4776 FeF3 + 0.5224 Li2.4Y0.4Zr0.6Cl6 + 2.388 Li -> 0.209 LiYF4 + 0.2388 ZrFe2 + 0.07463 Li4ZrF8 + 3.134 LiCl,-0.4476
1.4,Li2.4Y0.4Zr0.6Cl6,0.5455,0.5455 FeF3 + 0.4545 Li2.4Y0.4Zr0.6Cl6 + 2.727 Li -> 0.1818 LiYF4 + 0.2727 ZrFe2 + 0.9091 LiF + 2.727 LiCl,-0.5078
1.4,Li2.4Y0.4Zr0.6Cl6,1.0000,FeF3 + 3 Li -> 3 LiF + Fe,-1.0603
1.5,Li2.4Y0.4Zr0.6Cl6,0.0000,Li2.4Y0.4Zr0.6Cl6 + 1.2 Li -> 0.6 ZrCl2 + 0.4 YCl3 + 3.6 LiCl,-0.0317
1.5,Li2.4Y0.4Zr0.6Cl6,0.0909,0.09091 FeF3 + 0.9091 Li2.4Y0.4Zr0.6Cl6 + 1.182 Li -> 0.09091 Zr6FeCl14 + 0.06818 LiYF4 + 0.2955 YCl3 + 3.295 LiCl,-0.106
1.5,Li2.4Y0.4Zr0.6Cl6,0.3478,0.3478 FeF3 + 0.6522 Li2.4Y0.4Zr0.6Cl6 + 2.055 Li -> 0.03953 Zr6FeCl14 + 0.2609 LiYF4 + 0.1542 ZrFe2 + 3.36 LiCl,-0.301
1.5,Li2.4Y0.4Zr0.6Cl6,0.4643,0.4643 FeF3 + 0.5357 Li2.4Y0.4Zr0.6Cl6 + 2.321 Li -> 0.08929 Li2ZrF6 + 0.2143 LiYF4 + 0.2321 ZrFe2 + 3.214 LiCl,-0.3944
1.5,Li2.4Y0.4Zr0.6Cl6,0.6341,0.6341 FeF3 + 0.3659 Li2.4Y0.4Zr0.6Cl6 + 1.902 Li -> 0.2195 Li2ZrF6 + 0.1463 LiYF4 + 0.6341 Fe + 2.195 LiCl,-0.5506
1.5,Li2.4Y0.4Zr0.6Cl6,0.6809,0.6809 FeF3 + 0.3191 Li2.4Y0.4Zr0.6Cl6 + 2.043 Li -> 0.1277 LiYF4 + 0.1915 Li4ZrF8 + 0.6809 Fe + 1.915 LiCl,-0.5966
1.5,Li2.4Y0.4Zr0.6Cl6,1.0000,FeF3 + 3 Li -> 3 LiF + Fe,-0.9853
1.6,Li2.4Y0.4Zr0.6Cl6,0.0000,Li2.4Y0.4Zr0.6Cl6 + 1.2 Li -> 0.6 ZrCl2 + 0.4 YCl3 + 3.6 LiCl,-0.0146
1.6,Li2.4Y0.4Zr0.6Cl6,0.0909,0.09091 FeF3 + 0.9091 Li2.4Y0.4Zr0.6Cl6 + 1.182 Li -> 0.06818 LiYF4 + 0.09091 Zr6FeCl14 + 0.2955 YCl3 + 3.295 LiCl,-0.0885
1.6,Li2.4Y0.4Zr0.6Cl6,0.3478,0.3478 FeF3 + 0.6522 Li2.4Y0.4Zr0.6Cl6 + 1.696 Li -> 0.2609 LiYF4 + 0.06522 Zr6FeCl14 + 0.2826 Fe + 3 LiCl,-0.2714
1.6,Li2.4Y0.4Zr0.6Cl6,0.6341,0.6341 FeF3 + 0.3659 Li2.4Y0.4Zr0.6Cl6 + 1.902 Li -> 0.2195 Li2ZrF6 + 0.1463 LiYF4 + 0.6341 Fe + 2.195 LiCl,-0.5133
1.6,Li2.4Y0.4Zr0.6Cl6,0.6809,0.6809 FeF3 + 0.3191 Li2.4Y0.4Zr0.6Cl6 + 2.043 Li -> 0.1277 LiYF4 + 0.1915 Li4ZrF8 + 0.6809 Fe + 1.915 LiCl,-0.5554
1.6,Li2.4Y0.4Zr0.6Cl6,1.0000,FeF3 + 3 Li -> 3 LiF + Fe,-0.9103
1.7,Li2.4Y0.4Zr0.6Cl6,0.0000,Li2.4Y0.4Zr0.6Cl6 + 0.6 Li -> 0.6 ZrCl3 + 0.4 YCl3 + 3 LiCl,-0.0043
1.7,Li2.4Y0.4Zr0.6Cl6,0.0909,0.09091 FeF3 + 0.9091 Li2.4Y0.4Zr0.6Cl6 + 1.182 Li -> 0.06818 LiYF4 + 0.09091 Zr6FeCl14 + 0.2955 YCl3 + 3.295 LiCl,-0.0709
1.7,Li2.4Y0.4Zr0.6Cl6,0.3478,0.3478 FeF3 + 0.6522 Li2.4Y0.4Zr0.6Cl6 + 1.696 Li -> 0.2609 LiYF4 + 0.06522 Zr6FeCl14 + 0.2826 Fe + 3 LiCl,-0.2429
1.7,Li2.4Y0.4Zr0.6Cl6,0.6341,0.6341 FeF3 + 0.3659 Li2.4Y0.4Zr0.6Cl6 + 1.902 Li -> 0.2195 Li2ZrF6 + 0.1463 LiYF4 + 0.6341 Fe + 2.195 LiCl,-0.476
1.7,Li2.4Y0.4Zr0.6Cl6,0.6809,0.6809 FeF3 + 0.3191 Li2.4Y0.4Zr0.6Cl6 + 2.043 Li -> 0.1915 Li4ZrF8 + 0.1277 LiYF4 + 0.6809 Fe + 1.915 LiCl,-0.5142
1.7,Li2.4Y0.4Zr0.6Cl6,1.0000,FeF3 + 3 Li -> 3 LiF + Fe,-0.8353
1.8,Li2.4Y0.4Zr0.6Cl6,0.0909,0.09091 FeF3 + 0.9091 Li2.4Y0.4Zr0.6Cl6 + 1.182 Li -> 0.06818 LiYF4 + 0.09091 Zr6FeCl14 + 0.2955 YCl3 + 3.295 LiCl,-0.0533
1.8,Li2.4Y0.4Zr0.6Cl6,0.3478,0.3478 FeF3 + 0.6522 Li2.4Y0.4Zr0.6Cl6 + 1.696 Li -> 0.2609 LiYF4 + 0.06522 Zr6FeCl14 + 0.2826 Fe + 3 LiCl,-0.2145
1.8,Li2.4Y0.4Zr0.6Cl6,0.4828,0.4828 FeF3 + 0.5172 Li2.4Y0.4Zr0.6Cl6 + 1.621 Li -> 0.2069 YZrF7 + 0.01724 Zr6FeCl14 + 0.4655 Fe + 2.862 LiCl,-0.3117
1.8,Li2.4Y0.4Zr0.6Cl6,0.5714,0.5714 FeF3 + 0.4286 Li2.4Y0.4Zr0.6Cl6 + 1.714 Li -> 0.1714 YZrF7 + 0.08571 Li2ZrF6 + 0.5714 Fe + 2.571 LiCl,-0.3835
1.8,Li2.4Y0.4Zr0.6Cl6,0.6341,0.6341 FeF3 + 0.3659 Li2.4Y0.4Zr0.6Cl6 + 1.902 Li -> 0.2195 Li2ZrF6 + 0.1463 LiYF4 + 0.6341 Fe + 2.195 LiCl,-0.4386
1.8,Li2.4Y0.4Zr0.6Cl6,0.6809,0.6809 FeF3 + 0.3191 Li2.4Y0.4Zr0.6Cl6 + 2.043 Li -> 0.1915 Li4ZrF8 + 0.1277 LiYF4 + 0.6809 Fe + 1.915 LiCl,-0.473
1.8,Li2.4Y0.4Zr0.6Cl6,1.0000,FeF3 + 3 Li -> 3 LiF + Fe,-0.7603
1.9,Li2.4Y0.4Zr0.6Cl6,0.3478,0.3478 FeF3 + 0.6522 Li2.4Y0.4Zr0.6Cl6 + 1.043 Li -> 0.3913 ZrCl4 + 0.2609 LiYF4 + 0.3478 Fe + 2.348 LiCl,-0.1933
1.9,Li2.4Y0.4Zr0.6Cl6,0.4828,0.4828 FeF3 + 0.5172 Li2.4Y0.4Zr0.6Cl6 + 1.448 Li -> 0.2069 YZrF7 + 0.1034 ZrCl4 + 0.4828 Fe + 2.69 LiCl,-0.2846
1.9,Li2.4Y0.4Zr0.6Cl6,0.5714,0.5714 FeF3 + 0.4286 Li2.4Y0.4Zr0.6Cl6 + 1.714 Li -> 0.1714 YZrF7 + 0.08571 Li2ZrF6 + 0.5714 Fe + 2.571 LiCl,-0.3511
1.9,Li2.4Y0.4Zr0.6Cl6,0.6341,0.6341 FeF3 + 0.3659 Li2.4Y0.4Zr0.6Cl6 + 1.902 Li -> 0.2195 Li2ZrF6 + 0.1463 LiYF4 + 0.6341 Fe + 2.195 LiCl,-0.4013
1.9,Li2.4Y0.4Zr0.6Cl6,0.6809,0.6809 FeF3 + 0.3191 Li2.4Y0.4Zr0.6Cl6 + 2.043 Li -> 0.1915 Li4ZrF8 + 0.1277 LiYF4 + 0.6809 Fe + 1.915 LiCl,-0.4318
1.9,Li2.4Y0.4Zr0.6Cl6,1.0000,FeF3 + 3 Li -> 3 LiF + Fe,-0.6853
2.0,Li2.4Y0.4Zr0.6Cl6,0.3478,0.3478 FeF3 + 0.6522 Li2.4Y0.4Zr0.6Cl6 + 1.043 Li -> 0.3913 ZrCl4 + 0.2609 LiYF4 + 0.3478 Fe + 2.348 LiCl,-0.1758
2.0,Li2.4Y0.4Zr0.6Cl6,0.4828,0.4828 FeF3 + 0.5172 Li2.4Y0.4Zr0.6Cl6 + 1.448 Li -> 0.2069 YZrF7 + 0.1034 ZrCl4 + 0.4828 Fe + 2.69 LiCl,-0.2585
2.0,Li2.4Y0.4Zr0.6Cl6,0.5714,0.5714 FeF3 + 0.4286 Li2.4Y0.4Zr0.6Cl6 + 1.714 Li -> 0.1714 YZrF7 + 0.08571 Li2ZrF6 + 0.5714 Fe + 2.571 LiCl,-0.3186
2.0,Li2.4Y0.4Zr0.6Cl6,0.6341,0.6341 FeF3 + 0.3659 Li2.4Y0.4Zr0.6Cl6 + 1.902 Li -> 0.2195 Li2ZrF6 + 0.1463 LiYF4 + 0.6341 Fe + 2.195 LiCl,-0.364
2.0,Li2.4Y0.4Zr0.6Cl6,0.6809,0.6809 FeF3 + 0.3191 Li2.4Y0.4Zr0.6Cl6 + 2.043 Li -> 0.1915 Li4ZrF8 + 0.1277 LiYF4 + 0.6809 Fe + 1.915 LiCl,-0.3906
2.0,Li2.4Y0.4Zr0.6Cl6,1.0000,FeF3 + 3 Li -> 3 LiF + Fe,-0.6103
2.1,Li2.4Y0.4Zr0.6Cl6,0.3478,0.3478 FeF3 + 0.6522 Li2.4Y0.4Zr0.6Cl6 + 1.043 Li -> 0.3913 ZrCl4 + 0.2609 LiYF4 + 0.3478 Fe + 2.348 LiCl,-0.1582
2.1,Li2.4Y0.4Zr0.6Cl6,0.4828,0.4828 FeF3 + 0.5172 Li2.4Y0.4Zr0.6Cl6 + 1.448 Li -> 0.2069 YZrF7 + 0.1034 ZrCl4 + 0.4828 Fe + 2.69 LiCl,-0.2324
2.1,Li2.4Y0.4Zr0.6Cl6,0.5714,0.5714 FeF3 + 0.4286 Li2.4Y0.4Zr0.6Cl6 + 1.714 Li -> 0.1714 YZrF7 + 0.08571 Li2ZrF6 + 0.5714 Fe + 2.571 LiCl,-0.2862
2.1,Li2.4Y0.4Zr0.6Cl6,0.6341,0.6341 FeF3 + 0.3659 Li2.4Y0.4Zr0.6Cl6 + 1.902 Li -> 0.2195 Li2ZrF6 + 0.1463 LiYF4 + 0.6341 Fe + 2.195 LiCl,-0.3267
2.1,Li2.4Y0.4Zr0.6Cl6,0.6809,0.6809 FeF3 + 0.3191 Li2.4Y0.4Zr0.6Cl6 + 2.043 Li -> 0.1915 Li4ZrF8 + 0.1277 LiYF4 + 0.6809 Fe + 1.915 LiCl,-0.3494
2.1,Li2.4Y0.4Zr0.6Cl6,1.0000,FeF3 + 3 Li -> 3 LiF + Fe,-0.5353
2.2,Li2.4Y0.4Zr0.6Cl6,0.3478,0.3478 FeF3 + 0.6522 Li2.4Y0.4Zr0.6Cl6 + 1.043 Li -> 0.2609 LiYF4 + 0.3913 ZrCl4 + 0.3478 Fe + 2.348 LiCl,-0.1407
2.2,Li2.4Y0.4Zr0.6Cl6,0.4828,0.4828 FeF3 + 0.5172 Li2.4Y0.4Zr0.6Cl6 + 1.448 Li -> 0.2069 YZrF7 + 0.1034 ZrCl4 + 0.4828 Fe + 2.69 LiCl,-0.2063
2.2,Li2.4Y0.4Zr0.6Cl6,0.5714,0.5714 FeF3 + 0.4286 Li2.4Y0.4Zr0.6Cl6 + 1.714 Li -> 0.1714 YZrF7 + 0.08571 Li2ZrF6 + 0.5714 Fe + 2.571 LiCl,-0.2538
2.2,Li2.4Y0.4Zr0.6Cl6,0.6341,0.6341 FeF3 + 0.3659 Li2.4Y0.4Zr0.6Cl6 + 1.902 Li -> 0.2195 Li2ZrF6 + 0.1463 LiYF4 + 0.6341 Fe + 2.195 LiCl,-0.2894
2.2,Li2.4Y0.4Zr0.6Cl6,0.6809,0.6809 FeF3 + 0.3191 Li2.4Y0.4Zr0.6Cl6 + 2.043 Li -> 0.1915 Li4ZrF8 + 0.1277 LiYF4 + 0.6809 Fe + 1.915 LiCl,-0.3082
2.2,Li2.4Y0.4Zr0.6Cl6,1.0000,FeF3 + 3 Li -> 3 LiF + Fe,-0.4603
2.3,Li2.4Y0.4Zr0.6Cl6,0.3478,0.3478 FeF3 + 0.6522 Li2.4Y0.4Zr0.6Cl6 + 1.043 Li -> 0.2609 LiYF4 + 0.3913 ZrCl4 + 0.3478 Fe + 2.348 LiCl,-0.1232
2.3,Li2.4Y0.4Zr0.6Cl6,0.4828,0.4828 FeF3 + 0.5172 Li2.4Y0.4Zr0.6Cl6 + 1.448 Li -> 0.2069 YZrF7 + 0.1034 ZrCl4 + 0.4828 Fe + 2.69 LiCl,-0.1802
2.3,Li2.4Y0.4Zr0.6Cl6,0.5714,0.5714 FeF3 + 0.4286 Li2.4Y0.4Zr0.6Cl6 + 1.714 Li -> 0.1714 YZrF7 + 0.08571 Li2ZrF6 + 0.5714 Fe + 2.571 LiCl,-0.2213
2.3,Li2.4Y0.4Zr0.6Cl6,0.6341,0.6341 FeF3 + 0.3659 Li2.4Y0.4Zr0.6Cl6 + 1.902 Li -> 0.2195 Li2ZrF6 + 0.1463 LiYF4 + 0.6341 Fe + 2.195 LiCl,-0.252
2.3,Li2.4Y0.4Zr0.6Cl6,0.6809,0.6809 FeF3 + 0.3191 Li2.4Y0.4Zr0.6Cl6 + 2.043 Li -> 0.1915 Li4ZrF8 + 0.1277 LiYF4 + 0.6809 Fe + 1.915 LiCl,-0.267
2.3,Li2.4Y0.4Zr0.6Cl6,1.0000,FeF3 + 3 Li -> 3 LiF + Fe,-0.3853
2.4,Li2.4Y0.4Zr0.6Cl6,0.3478,0.3478 FeF3 + 0.6522 Li2.4Y0.4Zr0.6Cl6 + 1.043 Li -> 0.2609 LiYF4 + 0.3913 ZrCl4 + 0.3478 Fe + 2.348 LiCl,-0.1057
2.4,Li2.4Y0.4Zr0.6Cl6,0.4828,0.4828 FeF3 + 0.5172 Li2.4Y0.4Zr0.6Cl6 + 1.448 Li -> 0.2069 YZrF7 + 0.1034 ZrCl4 + 0.4828 Fe + 2.69 LiCl,-0.1541
2.4,Li2.4Y0.4Zr0.6Cl6,0.5714,0.5714 FeF3 + 0.4286 Li2.4Y0.4Zr0.6Cl6 + 1.714 Li -> 0.1714 YZrF7 + 0.08571 Li2ZrF6 + 0.5714 Fe + 2.571 LiCl,-0.1889
2.4,Li2.4Y0.4Zr0.6Cl6,0.6341,0.6341 FeF3 + 0.3659 Li2.4Y0.4Zr0.6Cl6 + 1.902 Li -> 0.2195 Li2ZrF6 + 0.1463 LiYF4 + 0.6341 Fe + 2.195 LiCl,-0.2147
2.4,Li2.4Y0.4Zr0.6Cl6,0.6809,0.6809 FeF3 + 0.3191 Li2.4Y0.4Zr0.6Cl6 + 2.043 Li -> 0.1915 Li4ZrF8 + 0.1277 LiYF4 + 0.6809 Fe + 1.915 LiCl,-0.2258
2.4,Li2.4Y0.4Zr0.6Cl6,1.0000,FeF3 + 3 Li -> 3 LiF + Fe,-0.3103
2.5,Li2.4Y0.4Zr0.6Cl6,0.3478,0.3478 FeF3 + 0.6522 Li2.4Y0.4Zr0.6Cl6 + 1.043 Li -> 0.3913 ZrCl4 + 0.2609 LiYF4 + 0.3478 Fe + 2.348 LiCl,-0.0882
2.5,Li2.4Y0.4Zr0.6Cl6,0.4828,0.4828 FeF3 + 0.5172 Li2.4Y0.4Zr0.6Cl6 + 1.448 Li -> 0.2069 YZrF7 + 0.1034 ZrCl4 + 0.4828 Fe + 2.69 LiCl,-0.128
2.5,Li2.4Y0.4Zr0.6Cl6,0.5714,0.5714 FeF3 + 0.4286 Li2.4Y0.4Zr0.6Cl6 + 1.714 Li -> 0.1714 YZrF7 + 0.08571 Li2ZrF6 + 0.5714 Fe + 2.571 LiCl,-0.1565
2.5,Li2.4Y0.4Zr0.6Cl6,0.6341,0.6341 FeF3 + 0.3659 Li2.4Y0.4Zr0.6Cl6 + 1.902 Li -> 0.2195 Li2ZrF6 + 0.1463 LiYF4 + 0.6341 Fe + 2.195 LiCl,-0.1774
2.5,Li2.4Y0.4Zr0.6Cl6,0.8387,0.8387 FeF3 + 0.1613 Li2.4Y0.4Zr0.6Cl6 + 0.8387 Li -> 0.09677 Li2ZrF6 + 0.06452 LiYF4 + 0.9677 LiCl + 0.8387 FeF2,-0.2273
2.5,Li2.4Y0.4Zr0.6Cl6,0.8649,0.8649 FeF3 + 0.1351 Li2.4Y0.4Zr0.6Cl6 + 0.8649 Li -> 0.08108 Li4ZrF8 + 0.05405 LiYF4 + 0.8108 LiCl + 0.8649 FeF2,-0.2332
2.5,Li2.4Y0.4Zr0.6Cl6,1.0000,FeF3 + Li -> LiF + FeF2,-0.2634
2.6,Li2.4Y0.4Zr0.6Cl6,0.3478,0.3478 FeF3 + 0.6522 Li2.4Y0.4Zr0.6Cl6 + 0.3478 Li -> 0.3478 FeCl2 + 0.3913 ZrCl4 + 0.2609 LiYF4 + 1.652 LiCl,-0.0724
2.6,Li2.4Y0.4Zr0.6Cl6,0.4828,0.4828 FeF3 + 0.5172 Li2.4Y0.4Zr0.6Cl6 + 0.4828 Li -> 0.2069 YZrF7 + 0.4828 FeCl2 + 0.1034 ZrCl4 + 1.724 LiCl,-0.1045
2.6,Li2.4Y0.4Zr0.6Cl6,0.5714,0.5714 FeF3 + 0.4286 Li2.4Y0.4Zr0.6Cl6 + 0.5714 Li -> 0.1714 YZrF7 + 0.4857 FeCl2 + 0.08571 ZrFeF6 + 1.6 LiCl,-0.1279
2.6,Li2.4Y0.4Zr0.6Cl6,0.6341,0.6341 FeF3 + 0.3659 Li2.4Y0.4Zr0.6Cl6 + 0.6341 Li -> 0.4146 FeCl2 + 0.1463 LiYF4 + 0.2195 ZrFeF6 + 1.366 LiCl,-0.1456
2.6,Li2.4Y0.4Zr0.6Cl6,0.8000,0.8 FeF3 + 0.2 Li2.4Y0.4Zr0.6Cl6 + 0.8 Li -> 0.08 LiYF4 + 0.12 ZrFeF6 + 1.2 LiCl + 0.68 FeF2,-0.1961
2.6,Li2.4Y0.4Zr0.6Cl6,0.8387,0.8387 FeF3 + 0.1613 Li2.4Y0.4Zr0.6Cl6 + 0.8387 Li -> 0.09677 Li2ZrF6 + 0.06452 LiYF4 + 0.9677 LiCl + 0.8387 FeF2,-0.2086
2.6,Li2.4Y0.4Zr0.6Cl6,0.8649,0.8649 FeF3 + 0.1351 Li2.4Y0.4Zr0.6Cl6 + 0.8649 Li -> 0.08108 Li4ZrF8 + 0.05405 LiYF4 + 0.8108 LiCl + 0.8649 FeF2,-0.2136
2.6,Li2.4Y0.4Zr0.6Cl6,1.0000,FeF3 + Li -> LiF + FeF2,-0.2384
2.7,Li2.4Y0.4Zr0.6Cl6,0.3478,0.3478 FeF3 + 0.6522 Li2.4Y0.4Zr0.6Cl6 + 0.3478 Li -> 0.2609 LiYF4 + 0.3478 FeCl2 + 0.3913 ZrCl4 + 1.652 LiCl,-0.0666
2.7,Li2.4Y0.4Zr0.6Cl6,0.4828,0.4828 FeF3 + 0.5172 Li2.4Y0.4Zr0.6Cl6 + 0.4828 Li -> 0.2069 YZrF7 + 0.4828 FeCl2 + 0.1034 ZrCl4 + 1.724 LiCl,-0.0958
2.7,Li2.4Y0.4Zr0.6Cl6,0.5714,0.5714 FeF3 + 0.4286 Li2.4Y0.4Zr0.6Cl6 + 0.5714 Li -> 0.08571 ZrFeF6 + 0.1714 YZrF7 + 0.4857 FeCl2 + 1.6 LiCl,-0.1171
2.7,Li2.4Y0.4Zr0.6Cl6,0.6341,0.6341 FeF3 + 0.3659 Li2.4Y0.4Zr0.6Cl6 + 0.6341 Li -> 0.2195 ZrFeF6 + 0.1463 LiYF4 + 0.4146 FeCl2 + 1.366 LiCl,-0.1331
2.7,Li2.4Y0.4Zr0.6Cl6,0.8000,0.8 FeF3 + 0.2 Li2.4Y0.4Zr0.6Cl6 + 0.8 Li -> 0.12 ZrFeF6 + 0.08 LiYF4 + 1.2 LiCl + 0.68 FeF2,-0.1787
2.7,Li2.4Y0.4Zr0.6Cl6,0.8387,0.8387 FeF3 + 0.1613 Li2.4Y0.4Zr0.6Cl6 + 0.8387 Li -> 0.09677 Li2ZrF6 + 0.06452 LiYF4 + 0.9677 LiCl + 0.8387 FeF2,-0.1899
2.7,Li2.4Y0.4Zr0.6Cl6,0.8649,0.8649 FeF3 + 0.1351 Li2.4Y0.4Zr0.6Cl6 + 0.8649 Li -> 0.08108 Li4ZrF8 + 0.05405 LiYF4 + 0.8108 LiCl + 0.8649 FeF2,-0.194
2.7,Li2.4Y0.4Zr0.6Cl6,1.0000,FeF3 + Li -> LiF + FeF2,-0.2134
2.8,Li2.4Y0.4Zr0.6Cl6,0.3478,0.3478 FeF3 + 0.6522 Li2.4Y0.4Zr0.6Cl6 -> 0.3478 LiFeCl4 + 0.2609 LiYF4 + 0.3913 ZrCl4 + 0.9565 LiCl,-0.0609
2.8,Li2.4Y0.4Zr0.6Cl6,0.4828,0.4828 FeF3 + 0.5172 Li2.4Y0.4Zr0.6Cl6 -> 0.4828 LiFeCl4 + 0.2069 YZrF7 + 0.1034 ZrCl4 + 0.7586 LiCl,-0.0875
2.8,Li2.4Y0.4Zr0.6Cl6,0.5714,0.5714 FeF3 + 0.4286 Li2.4Y0.4Zr0.6Cl6 + 0.08571 Li -> 0.4857 LiFeCl4 + 0.08571 ZrFeF6 + 0.1714 YZrF7 + 0.6286 LiCl,-0.1066
2.8,Li2.4Y0.4Zr0.6Cl6,0.6341,0.6341 FeF3 + 0.3659 Li2.4Y0.4Zr0.6Cl6 + 0.2195 Li -> 0.4146 LiFeCl4 + 0.2195 ZrFeF6 + 0.1463 LiYF4 + 0.5366 LiCl,-0.121
2.8,Li2.4Y0.4Zr0.6Cl6,0.8000,0.8 FeF3 + 0.2 Li2.4Y0.4Zr0.6Cl6 + 0.8 Li -> 0.12 ZrFeF6 + 0.08 LiYF4 + 1.2 LiCl + 0.68 FeF2,-0.1613
2.8,Li2.4Y0.4Zr0.6Cl6,0.8387,0.8387 FeF3 + 0.1613 Li2.4Y0.4Zr0.6Cl6 + 0.8387 Li -> 0.09677 Li2ZrF6 + 0.06452 LiYF4 + 0.9677 LiCl + 0.8387 FeF2,-0.1712
2.8,Li2.4Y0.4Zr0.6Cl6,0.8649,0.8649 FeF3 + 0.1351 Li2.4Y0.4Zr0.6Cl6 + 0.8649 Li -> 0.08108 Li4ZrF8 + 0.05405 LiYF4 + 0.8108 LiCl + 0.8649 FeF2,-0.1744
2.8,Li2.4Y0.4Zr0.6Cl6,1.0000,FeF3 + Li -> LiF + FeF2,-0.1884
2.9,Li2.4Y0.4Zr0.6Cl6,0.3478,0.3478 FeF3 + 0.6522 Li2.4Y0.4Zr0.6Cl6 -> 0.3478 LiFeCl4 + 0.2609 LiYF4 + 0.3913 ZrCl4 + 0.9565 LiCl,-0.0609
2.9,Li2.4Y0.4Zr0.6Cl6,0.4828,0.4828 FeF3 + 0.5172 Li2.4Y0.4Zr0.6Cl6 -> 0.4828 LiFeCl4 + 0.2069 YZrF7 + 0.1034 ZrCl4 + 0.7586 LiCl,-0.0875
2.9,Li2.4Y0.4Zr0.6Cl6,0.5714,0.5714 FeF3 + 0.4286 Li2.4Y0.4Zr0.6Cl6 -> 0.08571 Li2ZrF6 + 0.5714 LiFeCl4 + 0.1714 YZrF7 + 0.2857 LiCl,-0.106
2.9,Li2.4Y0.4Zr0.6Cl6,0.6000,0.6 FeF3 + 0.4 Li2.4Y0.4Zr0.6Cl6 -> 0.1467 Li2ZrF6 + 0.6 LiFeCl4 + 0.06667 LiYF4 + 0.09333 YZrF7,-0.112
2.9,Li2.4Y0.4Zr0.6Cl6,0.6341,0.6341 FeF3 + 0.3659 Li2.4Y0.4Zr0.6Cl6 + 0.08537 Li -> 0.1341 Li2ZrF6 + 0.5488 LiFeCl4 + 0.08537 ZrFeF6 + 0.1463 LiYF4,-0.1183
2.9,Li2.4Y0.4Zr0.6Cl6,0.6875,0.6875 FeF3 + 0.3125 Li2.4Y0.4Zr0.6Cl6 + 0.2187 Li -> 0.1875 Li2ZrF6 + 0.4688 LiFeCl4 + 0.125 LiYF4 + 0.2187 FeF2,-0.1272
2.9,Li2.4Y0.4Zr0.6Cl6,0.8387,0.8387 FeF3 + 0.1613 Li2.4Y0.4Zr0.6Cl6 + 0.8387 Li -> 0.09677 Li2ZrF6 + 0.06452 LiYF4 + 0.9677 LiCl + 0.8387 FeF2,-0.1525
2.9,Li2.4Y0.4Zr0.6Cl6,0.8649,0.8649 FeF3 + 0.1351 Li2.4Y0.4Zr0.6Cl6 + 0.8649 Li -> 0.08108 Li4ZrF8 + 0.05405 LiYF4 + 0.8108 LiCl + 0.8649 FeF2,-0.1547
2.9,Li2.4Y0.4Zr0.6Cl6,1.0000,FeF3 + Li -> LiF + FeF2,-0.1634
3.0,Li2.4Y0.4Zr0.6Cl6,0.3478,0.3478 FeF3 + 0.6522 Li2.4Y0.4Zr0.6Cl6 -> 0.3478 LiFeCl4 + 0.2609 LiYF4 + 0.3913 ZrCl4 + 0.9565 LiCl,-0.0609
3.0,Li2.4Y0.4Zr0.6Cl6,0.4828,0.4828 FeF3 + 0.5172 Li2.4Y0.4Zr0.6Cl6 -> 0.4828 LiFeCl4 + 0.2069 YZrF7 + 0.1034 ZrCl4 + 0.7586 LiCl,-0.0875
3.0,Li2.4Y0.4Zr0.6Cl6,0.5714,0.5714 FeF3 + 0.4286 Li2.4Y0.4Zr0.6Cl6 -> 0.08571 Li2ZrF6 + 0.5714 LiFeCl4 + 0.1714 YZrF7 + 0.2857 LiCl,-0.106
3.0,Li2.4Y0.4Zr0.6Cl6,0.6000,0.6 FeF3 + 0.4 Li2.4Y0.4Zr0.6Cl6 -> 0.1467 Li2ZrF6 + 0.6 LiFeCl4 + 0.06667 LiYF4 + 0.09333 YZrF7,-0.112
3.0,Li2.4Y0.4Zr0.6Cl6,0.6341,0.6341 FeF3 + 0.3659 Li2.4Y0.4Zr0.6Cl6 + 0.08537 Li -> 0.1341 Li2ZrF6 + 0.5488 LiFeCl4 + 0.08537 ZrFeF6 + 0.1463 LiYF4,-0.1166
3.0,Li2.4Y0.4Zr0.6Cl6,0.6875,0.6875 FeF3 + 0.3125 Li2.4Y0.4Zr0.6Cl6 + 0.2187 Li -> 0.1875 Li2ZrF6 + 0.4688 LiFeCl4 + 0.125 LiYF4 + 0.2187 FeF2,-0.1228
3.0,Li2.4Y0.4Zr0.6Cl6,0.8387,0.8387 FeF3 + 0.1613 Li2.4Y0.4Zr0.6Cl6 + 0.8387 Li -> 0.09677 Li2ZrF6 + 0.06452 LiYF4 + 0.9677 LiCl + 0.8387 FeF2,-0.1338
3.0,Li2.4Y0.4Zr0.6Cl6,0.8649,0.8649 FeF3 + 0.1351 Li2.4Y0.4Zr0.6Cl6 + 0.8649 Li -> 0.08108 Li4ZrF8 + 0.05405 LiYF4 + 0.8108 LiCl + 0.8649 FeF2,-0.1351
3.0,Li2.4Y0.4Zr0.6Cl6,1.0000,FeF3 + Li -> LiF + FeF2,-0.1384
3.1,Li2.4Y0.4Zr0.6Cl6,0.3478,0.3478 FeF3 + 0.6522 Li2.4Y0.4Zr0.6Cl6 -> 0.3478 LiFeCl4 + 0.2609 LiYF4 + 0.3913 ZrCl4 + 0.9565 LiCl,-0.0609
3.1,Li2.4Y0.4Zr0.6Cl6,0.4828,0.4828 FeF3 + 0.5172 Li2.4Y0.4Zr0.6Cl6 -> 0.4828 LiFeCl4 + 0.2069 YZrF7 + 0.1034 ZrCl4 + 0.7586 LiCl,-0.0875
3.1,Li2.4Y0.4Zr0.6Cl6,0.5714,0.5714 FeF3 + 0.4286 Li2.4Y0.4Zr0.6Cl6 -> 0.08571 Li2ZrF6 + 0.5714 LiFeCl4 + 0.1714 YZrF7 + 0.2857 LiCl,-0.106
3.1,Li2.4Y0.4Zr0.6Cl6,0.6000,0.6 FeF3 + 0.4 Li2.4Y0.4Zr0.6Cl6 -> 0.1467 Li2ZrF6 + 0.6 LiFeCl4 + 0.06667 LiYF4 + 0.09333 YZrF7,-0.112
3.1,Li2.4Y0.4Zr0.6Cl6,0.6341,0.6341 FeF3 + 0.3659 Li2.4Y0.4Zr0.6Cl6 + 0.08537 Li -> 0.1341 Li2ZrF6 + 0.5488 LiFeCl4 + 0.08537 ZrFeF6 + 0.1463 LiYF4,-0.1149
3.1,Li2.4Y0.4Zr0.6Cl6,0.6875,0.6875 FeF3 + 0.3125 Li2.4Y0.4Zr0.6Cl6 + 0.2187 Li -> 0.1875 Li2ZrF6 + 0.4688 LiFeCl4 + 0.125 LiYF4 + 0.2187 FeF2,-0.1183
3.1,Li2.4Y0.4Zr0.6Cl6,0.7727,0.7727 FeF3 + 0.2273 Li2.4Y0.4Zr0.6Cl6 + 0.4318 Li -> 0.1364 Li4ZrF8 + 0.3409 LiFeCl4 + 0.09091 LiYF4 + 0.4318 FeF2,-0.1181
3.1,Li2.4Y0.4Zr0.6Cl6,1.0000,FeF3 + Li -> LiF + FeF2,-0.1134
3.2,Li2.4Y0.4Zr0.6Cl6,0.3478,0.3478 FeF3 + 0.6522 Li2.4Y0.4Zr0.6Cl6 -> 0.3478 LiFeCl4 + 0.2609 LiYF4 + 0.3913 ZrCl4 + 0.9565 LiCl,-0.0609
3.2,Li2.4Y0.4Zr0.6Cl6,0.4828,0.4828 FeF3 + 0.5172 Li2.4Y0.4Zr0.6Cl6 -> 0.4828 LiFeCl4 + 0.2069 YZrF7 + 0.1034 ZrCl4 + 0.7586 LiCl,-0.0875
3.2,Li2.4Y0.4Zr0.6Cl6,0.5714,0.5714 FeF3 + 0.4286 Li2.4Y0.4Zr0.6Cl6 -> 0.08571 Li2ZrF6 + 0.5714 LiFeCl4 + 0.1714 YZrF7 + 0.2857 LiCl,-0.106
3.2,Li2.4Y0.4Zr0.6Cl6,0.6000,0.6 FeF3 + 0.4 Li2.4Y0.4Zr0.6Cl6 -> 0.1467 Li2ZrF6 + 0.6 LiFeCl4 + 0.06667 LiYF4 + 0.09333 YZrF7,-0.112
3.2,Li2.4Y0.4Zr0.6Cl6,0.6341,0.6341 FeF3 + 0.3659 Li2.4Y0.4Zr0.6Cl6 + 0.08537 Li -> 0.1341 Li2ZrF6 + 0.5488 LiFeCl4 + 0.08537 ZrFeF6 + 0.1463 LiYF4,-0.1133
3.2,Li2.4Y0.4Zr0.6Cl6,0.6875,0.6875 FeF3 + 0.3125 Li2.4Y0.4Zr0.6Cl6 + 0.2187 Li -> 0.1875 Li2ZrF6 + 0.4688 LiFeCl4 + 0.125 LiYF4 + 0.2187 FeF2,-0.1139
3.2,Li2.4Y0.4Zr0.6Cl6,0.7727,0.7727 FeF3 + 0.2273 Li2.4Y0.4Zr0.6Cl6 + 0.4318 Li -> 0.1364 Li4ZrF8 + 0.3409 LiFeCl4 + 0.09091 LiYF4 + 0.4318 FeF2,-0.1089
3.2,Li2.4Y0.4Zr0.6Cl6,1.0000,FeF3 + Li -> LiF + FeF2,-0.0884
3.3,Li2.4Y0.4Zr0.6Cl6,0.3478,0.3478 FeF3 + 0.6522 Li2.4Y0.4Zr0.6Cl6 -> 0.3478 LiFeCl4 + 0.2609 LiYF4 + 0.3913 ZrCl4 + 0.9565 LiCl,-0.0609
3.3,Li2.4Y0.4Zr0.6Cl6,0.4828,0.4828 FeF3 + 0.5172 Li2.4Y0.4Zr0.6Cl6 -> 0.4828 LiFeCl4 + 0.2069 YZrF7 + 0.1034 ZrCl4 + 0.7586 LiCl,-0.0875
3.3,Li2.4Y0.4Zr0.6Cl6,0.5714,0.5714 FeF3 + 0.4286 Li2.4Y0.4Zr0.6Cl6 -> 0.08571 Li2ZrF6 + 0.5714 LiFeCl4 + 0.1714 YZrF7 + 0.2857 LiCl,-0.106
3.3,Li2.4Y0.4Zr0.6Cl6,0.6000,0.6 FeF3 + 0.4 Li2.4Y0.4Zr0.6Cl6 -> 0.1467 Li2ZrF6 + 0.6 LiFeCl4 + 0.06667 LiYF4 + 0.09333 YZrF7,-0.112
3.3,Li2.4Y0.4Zr0.6Cl6,0.6341,0.6341 FeF3 + 0.3659 Li2.4Y0.4Zr0.6Cl6 + 0.08537 Li -> 0.1341 Li2ZrF6 + 0.5488 LiFeCl4 + 0.08537 ZrFeF6 + 0.1463 LiYF4,-0.1116
3.3,Li2.4Y0.4Zr0.6Cl6,0.6875,0.6875 FeF3 + 0.3125 Li2.4Y0.4Zr0.6Cl6 + 0.2187 Li -> 0.1875 Li2ZrF6 + 0.4688 LiFeCl4 + 0.125 LiYF4 + 0.2187 FeF2,-0.1095
3.3,Li2.4Y0.4Zr0.6Cl6,0.7727,0.7727 FeF3 + 0.2273 Li2.4Y0.4Zr0.6Cl6 + 0.4318 Li -> 0.1364 Li4ZrF8 + 0.3409 LiFeCl4 + 0.09091 LiYF4 + 0.4318 FeF2,-0.0997
3.3,Li2.4Y0.4Zr0.6Cl6,1.0000,FeF3 + 0.75 Li -> 0.25 Li3FeF6 + 0.75 FeF2,-0.0665
3.4,Li2.4Y0.4Zr0.6Cl6,0.3478,0.3478 FeF3 + 0.6522 Li2.4Y0.4Zr0.6Cl6 -> 0.3478 LiFeCl4 + 0.2609 LiYF4 + 0.3913 ZrCl4 + 0.9565 LiCl,-0.0609
3.4,Li2.4Y0.4Zr0.6Cl6,0.4828,0.4828 FeF3 + 0.5172 Li2.4Y0.4Zr0.6Cl6 -> 0.4828 LiFeCl4 + 0.2069 YZrF7 + 0.1034 ZrCl4 + 0.7586 LiCl,-0.0875
3.4,Li2.4Y0.4Zr0.6Cl6,0.5714,0.5714 FeF3 + 0.4286 Li2.4Y0.4Zr0.6Cl6 -> 0.08571 Li2ZrF6 + 0.5714 LiFeCl4 + 0.1714 YZrF7 + 0.2857 LiCl,-0.106
3.4,Li2.4Y0.4Zr0.6Cl6,0.6000,0.6 FeF3 + 0.4 Li2.4Y0.4Zr0.6Cl6 -> 0.1467 Li2ZrF6 + 0.6 LiFeCl4 + 0.06667 LiYF4 + 0.09333 YZrF7,-0.112
3.4,Li2.4Y0.4Zr0.6Cl6,0.6341,0.6341 FeF3 + 0.3659 Li2.4Y0.4Zr0.6Cl6 + 0.08537 Li -> 0.1341 Li2ZrF6 + 0.5488 LiFeCl4 + 0.08537 ZrFeF6 + 0.1463 LiYF4,-0.1099
3.4,Li2.4Y0.4Zr0.6Cl6,0.6875,0.6875 FeF3 + 0.3125 Li2.4Y0.4Zr0.6Cl6 + 0.2187 Li -> 0.1875 Li2ZrF6 + 0.4688 LiFeCl4 + 0.125 LiYF4 + 0.2187 FeF2,-0.105
3.4,Li2.4Y0.4Zr0.6Cl6,1.0000,FeF3 + 0.75 Li -> 0.25 Li3FeF6 + 0.75 FeF2,-0.0477
3.5,Li2.4Y0.4Zr0.6Cl6,0.3478,0.3478 FeF3 + 0.6522 Li2.4Y0.4Zr0.6Cl6 -> 0.3478 LiFeCl4 + 0.2609 LiYF4 + 0.3913 ZrCl4 + 0.9565 LiCl,-0.0609
3.5,Li2.4Y0.4Zr0.6Cl6,0.4828,0.4828 FeF3 + 0.5172 Li2.4Y0.4Zr0.6Cl6 -> 0.4828 LiFeCl4 + 0.2069 YZrF7 + 0.1034 ZrCl4 + 0.7586 LiCl,-0.0875
3.5,Li2.4Y0.4Zr0.6Cl6,0.5714,0.5714 FeF3 + 0.4286 Li2.4Y0.4Zr0.6Cl6 -> 0.08571 Li2ZrF6 + 0.5714 LiFeCl4 + 0.1714 YZrF7 + 0.2857 LiCl,-0.106
3.5,Li2.4Y0.4Zr0.6Cl6,0.6000,0.6 FeF3 + 0.4 Li2.4Y0.4Zr0.6Cl6 -> 0.1467 Li2ZrF6 + 0.6 LiFeCl4 + 0.06667 LiYF4 + 0.09333 YZrF7,-0.112
3.5,Li2.4Y0.4Zr0.6Cl6,0.6341,0.6341 FeF3 + 0.3659 Li2.4Y0.4Zr0.6Cl6 + 0.08537 Li -> 0.1341 Li2ZrF6 + 0.5488 LiFeCl4 + 0.08537 ZrFeF6 + 0.1463 LiYF4,-0.1082
3.5,Li2.4Y0.4Zr0.6Cl6,0.6875,0.6875 FeF3 + 0.3125 Li2.4Y0.4Zr0.6Cl6 + 0.2187 Li -> 0.1875 Li2ZrF6 + 0.4688 LiFeCl4 + 0.125 LiYF4 + 0.2187 FeF2,-0.1006
3.5,Li2.4Y0.4Zr0.6Cl6,1.0000,FeF3 + 0.75 Li -> 0.25 Li3FeF6 + 0.75 FeF2,-0.029
3.6,Li2.4Y0.4Zr0.6Cl6,0.3478,0.3478 FeF3 + 0.6522 Li2.4Y0.4Zr0.6Cl6 -> 0.3478 LiFeCl4 + 0.2609 LiYF4 + 0.3913 ZrCl4 + 0.9565 LiCl,-0.0609
3.6,Li2.4Y0.4Zr0.6Cl6,0.4828,0.4828 FeF3 + 0.5172 Li2.4Y0.4Zr0.6Cl6 -> 0.4828 LiFeCl4 + 0.2069 YZrF7 + 0.1034 ZrCl4 + 0.7586 LiCl,-0.0875
3.6,Li2.4Y0.4Zr0.6Cl6,0.5714,0.5714 FeF3 + 0.4286 Li2.4Y0.4Zr0.6Cl6 -> 0.08571 Li2ZrF6 + 0.5714 LiFeCl4 + 0.1714 YZrF7 + 0.2857 LiCl,-0.106
3.6,Li2.4Y0.4Zr0.6Cl6,0.6000,0.6 FeF3 + 0.4 Li2.4Y0.4Zr0.6Cl6 -> 0.1467 Li2ZrF6 + 0.6 LiFeCl4 + 0.06667 LiYF4 + 0.09333 YZrF7,-0.112
3.6,Li2.4Y0.4Zr0.6Cl6,0.6341,0.6341 FeF3 + 0.3659 Li2.4Y0.4Zr0.6Cl6 + 0.08537 Li -> 0.1341 Li2ZrF6 + 0.5488 LiFeCl4 + 0.08537 ZrFeF6 + 0.1463 LiYF4,-0.1066
3.6,Li2.4Y0.4Zr0.6Cl6,0.6875,0.6875 FeF3 + 0.3125 Li2.4Y0.4Zr0.6Cl6 + 0.2187 Li -> 0.1875 Li2ZrF6 + 0.4688 LiFeCl4 + 0.125 LiYF4 + 0.2187 FeF2,-0.0962
3.6,Li2.4Y0.4Zr0.6Cl6,1.0000,FeF3 + 0.5 Li -> 0.5 LiFe2F6,-0.0109
3.7,Li2.4Y0.4Zr0.6Cl6,0.3478,0.3478 FeF3 + 0.6522 Li2.4Y0.4Zr0.6Cl6 -> 0.3478 LiFeCl4 + 0.2609 LiYF4 + 0.3913 ZrCl4 + 0.9565 LiCl,-0.0609
3.7,Li2.4Y0.4Zr0.6Cl6,0.4828,0.4828 FeF3 + 0.5172 Li2.4Y0.4Zr0.6Cl6 -> 0.4828 LiFeCl4 + 0.2069 YZrF7 + 0.1034 ZrCl4 + 0.7586 LiCl,-0.0875
3.7,Li2.4Y0.4Zr0.6Cl6,0.5714,0.5714 FeF3 + 0.4286 Li2.4Y0.4Zr0.6Cl6 -> 0.08571 Li2ZrF6 + 0.5714 LiFeCl4 + 0.1714 YZrF7 + 0.2857 LiCl,-0.106
3.7,Li2.4Y0.4Zr0.6Cl6,0.6000,0.6 FeF3 + 0.4 Li2.4Y0.4Zr0.6Cl6 -> 0.1467 Li2ZrF6 + 0.6 LiFeCl4 + 0.06667 LiYF4 + 0.09333 YZrF7,-0.112
3.7,Li2.4Y0.4Zr0.6Cl6,0.6341,0.6341 FeF3 + 0.3659 Li2.4Y0.4Zr0.6Cl6 -> 0.2195 Li2ZrF6 + 0.3415 FeCl3 + 0.2927 LiFeCl4 + 0.1463 LiYF4,-0.1062
3.8,Li2.4Y0.4Zr0.6Cl6,0.3478,0.3478 FeF3 + 0.6522 Li2.4Y0.4Zr0.6Cl6 -> 0.3478 LiFeCl4 + 0.2609 LiYF4 + 0.3913 ZrCl4 + 0.9565 LiCl,-0.0609
3.8,Li2.4Y0.4Zr0.6Cl6,0.4828,0.4828 FeF3 + 0.5172 Li2.4Y0.4Zr0.6Cl6 -> 0.4828 LiFeCl4 + 0.2069 YZrF7 + 0.1034 ZrCl4 + 0.7586 LiCl,-0.0875
3.8,Li2.4Y0.4Zr0.6Cl6,0.5714,0.5714 FeF3 + 0.4286 Li2.4Y0.4Zr0.6Cl6 -> 0.08571 Li2ZrF6 + 0.5714 LiFeCl4 + 0.1714 YZrF7 + 0.2857 LiCl,-0.106
3.8,Li2.4Y0.4Zr0.6Cl6,0.6000,0.6 FeF3 + 0.4 Li2.4Y0.4Zr0.6Cl6 -> 0.1467 Li2ZrF6 + 0.6 LiFeCl4 + 0.06667 LiYF4 + 0.09333 YZrF7,-0.112
3.8,Li2.4Y0.4Zr0.6Cl6,0.6341,0.6341 FeF3 + 0.3659 Li2.4Y0.4Zr0.6Cl6 -> 0.2195 Li2ZrF6 + 0.2927 LiFeCl4 + 0.3415 FeCl3 + 0.1463 LiYF4,-0.1062
3.9,Li2.4Y0.4Zr0.6Cl6,0.3478,0.3478 FeF3 + 0.6522 Li2.4Y0.4Zr0.6Cl6 -> 0.2609 LiYF4 + 0.3478 LiFeCl4 + 0.3913 ZrCl4 + 0.9565 LiCl,-0.0609
3.9,Li2.4Y0.4Zr0.6Cl6,0.4828,0.4828 FeF3 + 0.5172 Li2.4Y0.4Zr0.6Cl6 -> 0.4828 LiFeCl4 + 0.2069 YZrF7 + 0.1034 ZrCl4 + 0.7586 LiCl,-0.0875
3.9,Li2.4Y0.4Zr0.6Cl6,0.5714,0.5714 FeF3 + 0.4286 Li2.4Y0.4Zr0.6Cl6 -> 0.08571 Li2ZrF6 + 0.5714 LiFeCl4 + 0.1714 YZrF7 + 0.2857 LiCl,-0.106
3.9,Li2.4Y0.4Zr0.6Cl6,0.6000,0.6 FeF3 + 0.4 Li2.4Y0.4Zr0.6Cl6 -> 0.1467 Li2ZrF6 + 0.06667 LiYF4 + 0.6 LiFeCl4 + 0.09333 YZrF7,-0.112
3.9,Li2.4Y0.4Zr0.6Cl6,0.6341,0.6341 FeF3 + 0.3659 Li2.4Y0.4Zr0.6Cl6 -> 0.2195 Li2ZrF6 + 0.1463 LiYF4 + 0.2927 LiFeCl4 + 0.3415 FeCl3,-0.1062
4.0,Li2.4Y0.4Zr0.6Cl6,0.3478,0.3478 FeF3 + 0.6522 Li2.4Y0.4Zr0.6Cl6 -> 0.2609 LiYF4 + 0.3478 LiFeCl4 + 0.3913 ZrCl4 + 0.9565 LiCl,-0.0609
4.0,Li2.4Y0.4Zr0.6Cl6,0.4828,0.4828 FeF3 + 0.5172 Li2.4Y0.4Zr0.6Cl6 -> 0.2069 YZrF7 + 0.4828 LiFeCl4 + 0.1034 ZrCl4 + 0.7586 LiCl,-0.0875
4.0,Li2.4Y0.4Zr0.6Cl6,0.5714,0.5714 FeF3 + 0.4286 Li2.4Y0.4Zr0.6Cl6 -> 0.08571 Li2ZrF6 + 0.1714 YZrF7 + 0.5714 LiFeCl4 + 0.2857 LiCl,-0.106
4.0,Li2.4Y0.4Zr0.6Cl6,0.6000,0.6 FeF3 + 0.4 Li2.4Y0.4Zr0.6Cl6 -> 0.1467 Li2ZrF6 + 0.06667 LiYF4 + 0.09333 YZrF7 + 0.6 LiFeCl4,-0.112
4.0,Li2.4Y0.4Zr0.6Cl6,0.6341,0.6341 FeF3 + 0.3659 Li2.4Y0.4Zr0.6Cl6 -> 0.2195 Li2ZrF6 + 0.1463 LiYF4 + 0.2927 LiFeCl4 + 0.3415 FeCl3,-0.1062
4.1,Li2.4Y0.4Zr0.6Cl6,0.3478,0.3478 FeF3 + 0.6522 Li2.4Y0.4Zr0.6Cl6 -> 0.2609 LiYF4 + 0.3478 LiFeCl4 + 0.3913 ZrCl4 + 0.9565 LiCl,-0.0609
4.1,Li2.4Y0.4Zr0.6Cl6,0.4828,0.4828 FeF3 + 0.5172 Li2.4Y0.4Zr0.6Cl6 -> 0.2069 YZrF7 + 0.4828 LiFeCl4 + 0.1034 ZrCl4 + 0.7586 LiCl,-0.0875
4.1,Li2.4Y0.4Zr0.6Cl6,0.5714,0.5714 FeF3 + 0.4286 Li2.4Y0.4Zr0.6Cl6 -> 0.08571 Li2ZrF6 + 0.1714 YZrF7 + 0.5714 LiFeCl4 + 0.2857 LiCl,-0.106
4.1,Li2.4Y0.4Zr0.6Cl6,0.6000,0.6 FeF3 + 0.4 Li2.4Y0.4Zr0.6Cl6 -> 0.1467 Li2ZrF6 + 0.06667 LiYF4 + 0.09333 YZrF7 + 0.6 LiFeCl4,-0.112
4.1,Li2.4Y0.4Zr0.6Cl6,0.6341,0.6341 FeF3 + 0.3659 Li2.4Y0.4Zr0.6Cl6 -> 0.2195 Li2ZrF6 + 0.1463 LiYF4 + 0.2927 LiFeCl4 + 0.3415 FeCl3,-0.1062
4.2,Li2.4Y0.4Zr0.6Cl6,0.3478,0.3478 FeF3 + 0.6522 Li2.4Y0.4Zr0.6Cl6 -> 0.3478 Li + 0.2609 LiYF4 + 0.3478 FeCl4 + 0.3913 ZrCl4 + 0.9565 LiCl,-0.0644
4.2,Li2.4Y0.4Zr0.6Cl6,0.4828,0.4828 FeF3 + 0.5172 Li2.4Y0.4Zr0.6Cl6 -> 0.4828 Li + 0.2069 YZrF7 + 0.4828 FeCl4 + 0.1034 ZrCl4 + 0.7586 LiCl,-0.0926
4.2,Li2.4Y0.4Zr0.6Cl6,0.5714,0.5714 FeF3 + 0.4286 Li2.4Y0.4Zr0.6Cl6 -> 0.5714 Li + 0.08571 Li2ZrF6 + 0.1714 YZrF7 + 0.5714 FeCl4 + 0.2857 LiCl,-0.1124
4.2,Li2.4Y0.4Zr0.6Cl6,0.6000,0.6 FeF3 + 0.4 Li2.4Y0.4Zr0.6Cl6 -> 0.6 Li + 0.1467 Li2ZrF6 + 0.06667 LiYF4 + 0.09333 YZrF7 + 0.6 FeCl4,-0.1188
1.0,Li3ScCl6,0.0000,Li3ScCl6 -> ScCl3 + 3 LiCl,-0.0232
1.0,Li3ScCl6,0.4000,0.4 FeF3 + 0.6 Li3ScCl6 + 1.8 Li -> 0.2 ScFe2 + 3.6 LiCl + 0.4 ScF3,-0.452
1.0,Li3ScCl6,0.5000,0.5 FeF3 + 0.5 Li3ScCl6 + 1.5 Li -> 3 LiCl + 0.5 Fe + 0.5 ScF3,-0.5735
1.0,Li3ScCl6,1.0000,FeF3 + 3 Li -> 3 LiF + Fe,-1.3603
1.1,Li3ScCl6,0.0000,Li3ScCl6 -> ScCl3 + 3 LiCl,-0.0232
1.1,Li3ScCl6,0.4000,0.4 FeF3 + 0.6 Li3ScCl6 + 1.8 Li -> 0.2 ScFe2 + 3.6 LiCl + 0.4 ScF3,-0.421
1.1,Li3ScCl6,0.5000,0.5 FeF3 + 0.5 Li3ScCl6 + 1.5 Li -> 3 LiCl + 0.5 Fe + 0.5 ScF3,-0.5463
1.1,Li3ScCl6,1.0000,FeF3 + 3 Li -> 3 LiF + Fe,-1.2853
1.2,Li3ScCl6,0.0000,Li3ScCl6 -> ScCl3 + 3 LiCl,-0.0232
1.2,Li3ScCl6,0.5000,0.5 FeF3 + 0.5 Li3ScCl6 + 1.5 Li -> 3 LiCl + 0.5 Fe + 0.5 ScF3,-0.519
1.2,Li3ScCl6,1.0000,FeF3 + 3 Li -> 3 LiF + Fe,-1.2103
1.3,Li3ScCl6,0.0000,Li3ScCl6 -> ScCl3 + 3 LiCl,-0.0232
1.3,Li3ScCl6,0.5000,0.5 FeF3 + 0.5 Li3ScCl6 + 1.5 Li -> 3 LiCl + 0.5 Fe + 0.5 ScF3,-0.4917
1.3,Li3ScCl6,1.0000,FeF3 + 3 Li -> 3 LiF + Fe,-1.1353
1.4,Li3ScCl6,0.0000,Li3ScCl6 -> ScCl3 + 3 LiCl,-0.0232
1.4,Li3ScCl6,0.5000,0.5 FeF3 + 0.5 Li3ScCl6 + 1.5 Li -> 3 LiCl + 0.5 Fe + 0.5 ScF3,-0.4644
1.4,Li3ScCl6,1.0000,FeF3 + 3 Li -> 3 LiF + Fe,-1.0603
1.5,Li3ScCl6,0.0000,Li3ScCl6 -> ScCl3 + 3 LiCl,-0.0232
1.5,Li3ScCl6,0.5000,0.5 FeF3 + 0.5 Li3ScCl6 + 1.5 Li -> 3 LiCl + 0.5 Fe + 0.5 ScF3,-0.4372
1.5,Li3ScCl6,1.0000,FeF3 + 3 Li -> 3 LiF + Fe,-0.9853
1.6,Li3ScCl6,0.0000,Li3ScCl6 -> ScCl3 + 3 LiCl,-0.0232
1.6,Li3ScCl6,0.5000,0.5 FeF3 + 0.5 Li3ScCl6 + 1.5 Li -> 3 LiCl + 0.5 Fe + 0.5 ScF3,-0.4099
1.6,Li3ScCl6,1.0000,FeF3 + 3 Li -> 3 LiF + Fe,-0.9103
1.7,Li3ScCl6,0.0000,Li3ScCl6 -> ScCl3 + 3 LiCl,-0.0232
1.7,Li3ScCl6,0.5000,0.5 FeF3 + 0.5 Li3ScCl6 + 1.5 Li -> 3 LiCl + 0.5 Fe + 0.5 ScF3,-0.3826
1.7,Li3ScCl6,1.0000,FeF3 + 3 Li -> 3 LiF + Fe,-0.8353
1.8,Li3ScCl6,0.0000,Li3ScCl6 -> ScCl3 + 3 LiCl,-0.0232
1.8,Li3ScCl6,0.5000,0.5 FeF3 + 0.5 Li3ScCl6 + 1.5 Li -> 3 LiCl + 0.5 Fe + 0.5 ScF3,-0.3554
1.8,Li3ScCl6,1.0000,FeF3 + 3 Li -> 3 LiF + Fe,-0.7603
1.9,Li3ScCl6,0.0000,Li3ScCl6 -> ScCl3 + 3 LiCl,-0.0232
1.9,Li3ScCl6,0.5000,0.5 FeF3 + 0.5 Li3ScCl6 + 1.5 Li -> 3 LiCl + 0.5 Fe + 0.5 ScF3,-0.3281
1.9,Li3ScCl6,1.0000,FeF3 + 3 Li -> 3 LiF + Fe,-0.6853
2.0,Li3ScCl6,0.0000,Li3ScCl6 -> ScCl3 + 3 LiCl,-0.0232
2.0,Li3ScCl6,0.5000,0.5 FeF3 + 0.5 Li3ScCl6 + 1.5 Li -> 3 LiCl + 0.5 Fe + 0.5 ScF3,-0.3008
2.0,Li3ScCl6,1.0000,FeF3 + 3 Li -> 3 LiF + Fe,-0.6103
2.1,Li3ScCl6,0.0000,Li3ScCl6 -> ScCl3 + 3 LiCl,-0.0232
2.1,Li3ScCl6,0.5000,0.5 FeF3 + 0.5 Li3ScCl6 + 1.5 Li -> 3 LiCl + 0.5 Fe + 0.5 ScF3,-0.2735
2.1,Li3ScCl6,1.0000,FeF3 + 3 Li -> 3 LiF + Fe,-0.5353
2.2,Li3ScCl6,0.0000,Li3ScCl6 -> ScCl3 + 3 LiCl,-0.0232
2.2,Li3ScCl6,0.5000,0.5 FeF3 + 0.5 Li3ScCl6 + 1.5 Li -> 3 LiCl + 0.5 Fe + 0.5 ScF3,-0.2463
2.2,Li3ScCl6,1.0000,FeF3 + 3 Li -> 3 LiF + Fe,-0.4603
2.3,Li3ScCl6,0.0000,Li3ScCl6 -> ScCl3 + 3 LiCl,-0.0232
2.3,Li3ScCl6,0.5000,0.5 FeF3 + 0.5 Li3ScCl6 + 1.5 Li -> 3 LiCl + 0.5 Fe + 0.5 ScF3,-0.219
2.3,Li3ScCl6,1.0000,FeF3 + 3 Li -> 3 LiF + Fe,-0.3853
2.4,Li3ScCl6,0.0000,Li3ScCl6 -> ScCl3 + 3 LiCl,-0.0232
2.4,Li3ScCl6,0.5000,0.5 FeF3 + 0.5 Li3ScCl6 + 1.5 Li -> 3 LiCl + 0.5 Fe + 0.5 ScF3,-0.1917
2.4,Li3ScCl6,1.0000,FeF3 + 3 Li -> 3 LiF + Fe,-0.3103
2.5,Li3ScCl6,0.0000,Li3ScCl6 -> ScCl3 + 3 LiCl,-0.0232
2.5,Li3ScCl6,0.5000,0.5 FeF3 + 0.5 Li3ScCl6 + 1.5 Li -> 3 LiCl + 0.5 Fe + 0.5 ScF3,-0.1644
2.5,Li3ScCl6,0.7500,0.75 FeF3 + 0.25 Li3ScCl6 + 0.75 Li -> 0.75 FeF2 + 1.5 LiCl + 0.25 ScF3,-0.2121
2.5,Li3ScCl6,1.0000,FeF3 + Li -> FeF2 + LiF,-0.2634
2.6,Li3ScCl6,0.0000,Li3ScCl6 -> ScCl3 + 3 LiCl,-0.0232
2.6,Li3ScCl6,0.5000,0.5 FeF3 + 0.5 Li3ScCl6 + 0.5 Li -> 0.5 FeCl2 + 0.5 ScF3 + 2 LiCl,-0.1399
2.6,Li3ScCl6,0.7500,0.75 FeF3 + 0.25 Li3ScCl6 + 0.75 Li -> 0.75 FeF2 + 0.25 ScF3 + 1.5 LiCl,-0.1963
2.6,Li3ScCl6,1.0000,FeF3 + Li -> FeF2 + LiF,-0.2384
2.7,Li3ScCl6,0.0000,Li3ScCl6 -> ScCl3 + 3 LiCl,-0.0232
2.7,Li3ScCl6,0.5000,0.5 FeF3 + 0.5 Li3ScCl6 + 0.5 Li -> 0.5 FeCl2 + 0.5 ScF3 + 2 LiCl,-0.1308
2.7,Li3ScCl6,0.7500,0.75 FeF3 + 0.25 Li3ScCl6 + 0.75 Li -> 0.75 FeF2 + 0.25 ScF3 + 1.5 LiCl,-0.1805
2.7,Li3ScCl6,1.0000,FeF3 + Li -> FeF2 + LiF,-0.2134
2.8,Li3ScCl6,0.0000,Li3ScCl6 -> ScCl3 + 3 LiCl,-0.0232
2.8,Li3ScCl6,0.5000,0.5 FeF3 + 0.5 Li3ScCl6 -> 0.5 LiFeCl4 + 0.5 ScF3 + LiCl,-0.122
2.8,Li3ScCl6,0.7500,0.75 FeF3 + 0.25 Li3ScCl6 + 0.75 Li -> 0.75 FeF2 + 0.25 ScF3 + 1.5 LiCl,-0.1647
2.8,Li3ScCl6,1.0000,FeF3 + Li -> FeF2 + LiF,-0.1884
2.9,Li3ScCl6,0.0000,Li3ScCl6 -> ScCl3 + 3 LiCl,-0.0232
2.9,Li3ScCl6,0.5000,0.5 FeF3 + 0.5 Li3ScCl6 -> 0.5 LiFeCl4 + 0.5 ScF3 + LiCl,-0.122
2.9,Li3ScCl6,0.7500,0.75 FeF3 + 0.25 Li3ScCl6 + 0.75 Li -> 0.75 FeF2 + 0.25 ScF3 + 1.5 LiCl,-0.1489
2.9,Li3ScCl6,1.0000,FeF3 + Li -> FeF2 + LiF,-0.1634
3.0,Li3ScCl6,0.0000,Li3ScCl6 -> ScCl3 + 3 LiCl,-0.0232
3.0,Li3ScCl6,0.5000,0.5 FeF3 + 0.5 Li3ScCl6 -> 0.5 LiFeCl4 + 0.5 ScF3 + LiCl,-0.122
3.0,Li3ScCl6,0.7500,0.75 FeF3 + 0.25 Li3ScCl6 + 0.75 Li -> 0.75 FeF2 + 0.25 ScF3 + 1.5 LiCl,-0.1331
3.0,Li3ScCl6,1.0000,FeF3 + Li -> FeF2 + LiF,-0.1384
3.1,Li3ScCl6,0.0000,Li3ScCl6 -> ScCl3 + 3 LiCl,-0.0232
3.1,Li3ScCl6,0.5000,0.5 FeF3 + 0.5 Li3ScCl6 -> 0.5 LiFeCl4 + 0.5 ScF3 + LiCl,-0.122
3.1,Li3ScCl6,0.6000,0.6 FeF3 + 0.4 Li3ScCl6 -> 0.6 LiFeCl4 + 0.4 ScF3 + 0.6 LiF,-0.1215
3.1,Li3ScCl6,1.0000,FeF3 + Li -> FeF2 + LiF,-0.1134
3.2,Li3ScCl6,0.0000,Li3ScCl6 -> ScCl3 + 3 LiCl,-0.0232
3.2,Li3ScCl6,0.5000,0.5 FeF3 + 0.5 Li3ScCl6 -> 0.5 LiFeCl4 + 0.5 ScF3 + LiCl,-0.122
3.2,Li3ScCl6,0.6000,0.6 FeF3 + 0.4 Li3ScCl6 -> 0.6 LiFeCl4 + 0.4 ScF3 + 0.6 LiF,-0.1215
3.2,Li3ScCl6,1.0000,FeF3 + Li -> FeF2 + LiF,-0.0884
3.3,Li3ScCl6,0.0000,Li3ScCl6 -> ScCl3 + 3 LiCl,-0.0232
3.3,Li3ScCl6,0.5000,0.5 FeF3 + 0.5 Li3ScCl6 -> 0.5 LiFeCl4 + 0.5 ScF3 + LiCl,-0.122
3.3,Li3ScCl6,0.6000,0.6 FeF3 + 0.4 Li3ScCl6 -> 0.6 LiFeCl4 + 0.4 ScF3 + 0.6 LiF,-0.1215
3.3,Li3ScCl6,0.6667,0.6667 FeF3 + 0.3333 Li3ScCl6 -> 0.1667 Li3FeF6 + 0.5 LiFeCl4 + 0.3333 ScF3,-0.1154
3.3,Li3ScCl6,1.0000,FeF3 + 0.75 Li -> 0.25 Li3FeF6 + 0.75 FeF2,-0.0665
3.4,Li3ScCl6,0.0000,Li3ScCl6 -> ScCl3 + 3 LiCl,-0.0232
3.4,Li3ScCl6,0.5000,0.5 FeF3 + 0.5 Li3ScCl6 -> 0.5 LiFeCl4 + 0.5 ScF3 + LiCl,-0.122
3.4,Li3ScCl6,0.6000,0.6 FeF3 + 0.4 Li3ScCl6 -> 0.6 LiFeCl4 + 0.4 ScF3 + 0.6 LiF,-0.1215
3.4,Li3ScCl6,0.6667,0.6667 FeF3 + 0.3333 Li3ScCl6 -> 0.1667 Li3FeF6 + 0.5 LiFeCl4 + 0.3333 ScF3,-0.1154
3.4,Li3ScCl6,1.0000,FeF3 + 0.75 Li -> 0.25 Li3FeF6 + 0.75 FeF2,-0.0477
3.5,Li3ScCl6,0.0000,Li3ScCl6 -> ScCl3 + 3 LiCl,-0.0232
3.5,Li3ScCl6,0.5000,0.5 FeF3 + 0.5 Li3ScCl6 -> 0.5 LiFeCl4 + 0.5 ScF3 + LiCl,-0.122
3.5,Li3ScCl6,0.6000,0.6 FeF3 + 0.4 Li3ScCl6 -> 0.6 LiFeCl4 + 0.4 ScF3 + 0.6 LiF,-0.1215
3.5,Li3ScCl6,0.6667,0.6667 FeF3 + 0.3333 Li3ScCl6 -> 0.1667 Li3FeF6 + 0.5 LiFeCl4 + 0.3333 ScF3,-0.1154
3.5,Li3ScCl6,1.0000,FeF3 + 0.75 Li -> 0.25 Li3FeF6 + 0.75 FeF2,-0.029
3.6,Li3ScCl6,0.0000,Li3ScCl6 -> ScCl3 + 3 LiCl,-0.0232
3.6,Li3ScCl6,0.5000,0.5 FeF3 + 0.5 Li3ScCl6 -> 0.5 LiFeCl4 + 0.5 ScF3 + LiCl,-0.122
3.6,Li3ScCl6,0.6000,0.6 FeF3 + 0.4 Li3ScCl6 -> 0.6 LiFeCl4 + 0.4 ScF3 + 0.6 LiF,-0.1215
3.6,Li3ScCl6,0.6667,0.6667 FeF3 + 0.3333 Li3ScCl6 -> 0.1667 Li3FeF6 + 0.5 LiFeCl4 + 0.3333 ScF3,-0.1154
3.6,Li3ScCl6,1.0000,FeF3 + 0.5 Li -> 0.5 LiFe2F6,-0.0109
3.7,Li3ScCl6,0.0000,Li3ScCl6 -> ScCl3 + 3 LiCl,-0.0232
3.7,Li3ScCl6,0.5000,0.5 FeF3 + 0.5 Li3ScCl6 -> 0.5 LiFeCl4 + 0.5 ScF3 + LiCl,-0.122
3.7,Li3ScCl6,0.6000,0.6 FeF3 + 0.4 Li3ScCl6 -> 0.6 LiFeCl4 + 0.4 ScF3 + 0.6 LiF,-0.1215
3.7,Li3ScCl6,0.6667,0.6667 FeF3 + 0.3333 Li3ScCl6 -> 0.1667 Li3FeF6 + 0.5 LiFeCl4 + 0.3333 ScF3,-0.1154
3.8,Li3ScCl6,0.0000,Li3ScCl6 -> ScCl3 + 3 LiCl,-0.0232
3.8,Li3ScCl6,0.5000,0.5 FeF3 + 0.5 Li3ScCl6 -> 0.5 LiFeCl4 + 0.5 ScF3 + LiCl,-0.122
3.8,Li3ScCl6,0.6000,0.6 FeF3 + 0.4 Li3ScCl6 -> 0.6 LiFeCl4 + 0.4 ScF3 + 0.6 LiF,-0.1215
3.8,Li3ScCl6,0.6667,0.6667 FeF3 + 0.3333 Li3ScCl6 -> 0.1667 Li3FeF6 + 0.5 LiFeCl4 + 0.3333 ScF3,-0.1154
3.9,Li3ScCl6,0.0000,Li3ScCl6 -> ScCl3 + 3 LiCl,-0.0232
3.9,Li3ScCl6,0.5000,0.5 FeF3 + 0.5 Li3ScCl6 -> 0.5 LiFeCl4 + 0.5 ScF3 + LiCl,-0.122
3.9,Li3ScCl6,0.6000,0.6 FeF3 + 0.4 Li3ScCl6 -> 0.6 LiFeCl4 + 0.4 ScF3 + 0.6 LiF,-0.1215
3.9,Li3ScCl6,0.6667,0.6667 FeF3 + 0.3333 Li3ScCl6 -> 0.1667 Li3FeF6 + 0.5 LiFeCl4 + 0.3333 ScF3,-0.1154
4.0,Li3ScCl6,0.0000,Li3ScCl6 -> ScCl3 + 3 LiCl,-0.0232
4.0,Li3ScCl6,0.5000,0.5 FeF3 + 0.5 Li3ScCl6 -> 0.5 LiFeCl4 + 0.5 ScF3 + LiCl,-0.122
4.0,Li3ScCl6,0.6000,0.6 FeF3 + 0.4 Li3ScCl6 -> 0.6 LiFeCl4 + 0.4 ScF3 + 0.6 LiF,-0.1215
4.0,Li3ScCl6,0.6667,0.6667 FeF3 + 0.3333 Li3ScCl6 -> 0.1667 Li3FeF6 + 0.5 LiFeCl4 + 0.3333 ScF3,-0.1154
4.1,Li3ScCl6,0.0000,Li3ScCl6 -> ScCl3 + 3 LiCl,-0.0232
4.1,Li3ScCl6,0.5000,0.5 FeF3 + 0.5 Li3ScCl6 -> 0.5 LiFeCl4 + 0.5 ScF3 + LiCl,-0.122
4.1,Li3ScCl6,0.6000,0.6 FeF3 + 0.4 Li3ScCl6 -> 0.6 LiFeCl4 + 0.4 ScF3 + 0.6 LiF,-0.1215
4.1,Li3ScCl6,0.6667,0.6667 FeF3 + 0.3333 Li3ScCl6 -> 0.1667 Li3FeF6 + 0.5 LiFeCl4 + 0.3333 ScF3,-0.1154
4.2,Li3ScCl6,0.0000,Li3ScCl6 -> ScCl3 + 3 LiCl,-0.0232
4.2,Li3ScCl6,0.5000,0.5 FeF3 + 0.5 Li3ScCl6 -> 0.5 Li + 0.5 FeCl4 + 0.5 ScF3 + LiCl,-0.1274
4.2,Li3ScCl6,0.6000,0.6 FeF3 + 0.4 Li3ScCl6 -> 0.6 Li + 0.6 FeCl4 + 0.4 ScF3 + 0.6 LiF,-0.1283
4.2,Li3ScCl6,0.6667,0.6667 FeF3 + 0.3333 Li3ScCl6 -> 0.5 Li + 0.1667 Li3FeF6 + 0.5 FeCl4 + 0.3333 ScF3,-0.1213
1.0,Li2.375Sc0.375Zr0.625Cl6,0.0000,Li2.375Zr0.625Sc0.375Cl6 + 2.5 Li -> 0.375 ScCl3 + 0.625 Zr + 4.875 LiCl,-0.1569
1.0,Li2.375Sc0.375Zr0.625Cl6,0.1724,0.1724 FeF3 + 0.8276 Li2.375Zr0.625Sc0.375Cl6 + 2.586 Li -> 0.1724 Zr3Fe + 0.1379 ScCl3 + 4.552 LiCl + 0.1724 ScF3,-0.3153
1.0,Li2.375Sc0.375Zr0.625Cl6,0.2727,0.2727 FeF3 + 0.7273 Li2.375Zr0.625Sc0.375Cl6 + 2.636 Li -> 0.1273 Zr3Fe + 0.07273 ZrFe2 + 4.364 LiCl + 0.2727 ScF3,-0.4193
1.0,Li2.375Sc0.375Zr0.625Cl6,0.5556,0.5556 FeF3 + 0.4444 Li2.375Zr0.625Sc0.375Cl6 + 2.778 Li -> 1.167 LiF + 0.2778 ZrFe2 + 2.667 LiCl + 0.1667 ScF3,-0.7242
1.0,Li2.375Sc0.375Zr0.625Cl6,1.0000,FeF3 + 3 Li -> 3 LiF + Fe,-1.3603
1.1,Li2.375Sc0.375Zr0.625Cl6,0.0000,Li2.375Zr0.625Sc0.375Cl6 + 1.875 Li -> 0.375 ScCl3 + 0.625 ZrCl + 4.25 LiCl,-0.1217
1.1,Li2.375Sc0.375Zr0.625Cl6,0.1724,0.1724 FeF3 + 0.8276 Li2.375Zr0.625Sc0.375Cl6 + 2.586 Li -> 0.1379 ScCl3 + 0.1724 Zr3Fe + 4.552 LiCl + 0.1724 ScF3,-0.2754
1.1,Li2.375Sc0.375Zr0.625Cl6,0.2727,0.2727 FeF3 + 0.7273 Li2.375Zr0.625Sc0.375Cl6 + 2.636 Li -> 0.1273 Zr3Fe + 0.07273 ZrFe2 + 4.364 LiCl + 0.2727 ScF3,-0.3766
1.1,Li2.375Sc0.375Zr0.625Cl6,0.5556,0.5556 FeF3 + 0.4444 Li2.375Zr0.625Sc0.375Cl6 + 2.778 Li -> 0.2778 ZrFe2 + 1.167 LiF + 2.667 LiCl + 0.1667 ScF3,-0.6721
1.1,Li2.375Sc0.375Zr0.625Cl6,1.0000,FeF3 + 3 Li -> 3 LiF + Fe,-1.2853
1.2,Li2.375Sc0.375Zr0.625Cl6,0.0000,Li2.375Zr0.625Sc0.375Cl6 + 1.875 Li -> 0.375 ScCl3 + 0.625 ZrCl + 4.25 LiCl,-0.0949
1.2,Li2.375Sc0.375Zr0.625Cl6,0.2727,0.2727 FeF3 + 0.7273 Li2.375Zr0.625Sc0.375Cl6 + 2.318 Li -> 0.1364 ZrFe2 + 0.3182 ZrCl + 4.045 LiCl + 0.2727 ScF3,-0.3391
1.2,Li2.375Sc0.375Zr0.625Cl6,0.5556,0.5556 FeF3 + 0.4444 Li2.375Zr0.625Sc0.375Cl6 + 2.778 Li -> 0.2778 ZrFe2 + 1.167 LiF + 2.667 LiCl + 0.1667 ScF3,-0.62
1.2,Li2.375Sc0.375Zr0.625Cl6,1.0000,FeF3 + 3 Li -> 3 LiF + Fe,-1.2103
1.3,Li2.375Sc0.375Zr0.625Cl6,0.0000,Li2.375Zr0.625Sc0.375Cl6 + 1.25 Li -> 0.625 ZrCl2 + 0.375 ScCl3 + 3.625 LiCl,-0.0688
1.3,Li2.375Sc0.375Zr0.625Cl6,0.0943,0.09434 FeF3 + 0.9057 Li2.375Zr0.625Sc0.375Cl6 + 1.226 Li -> 0.09434 Zr6FeCl14 + 0.2453 ScCl3 + 3.377 LiCl + 0.09434 ScF3,-0.1486
1.3,Li2.375Sc0.375Zr0.625Cl6,0.2727,0.2727 FeF3 + 0.7273 Li2.375Zr0.625Sc0.375Cl6 + 1.826 Li -> 0.05785 Zr6FeCl14 + 0.1074 ZrFe2 + 3.554 LiCl + 0.2727 ScF3,-0.3057
1.3,Li2.375Sc0.375Zr0.625Cl6,0.4667,0.4667 FeF3 + 0.5333 Li2.375Zr0.625Sc0.375Cl6 + 2.333 Li -> 0.1 Li4ZrF8 + 0.2333 ZrFe2 + 3.2 LiCl + 0.2 ScF3,-0.4785
1.3,Li2.375Sc0.375Zr0.625Cl6,0.5556,0.5556 FeF3 + 0.4444 Li2.375Zr0.625Sc0.375Cl6 + 2.778 Li -> 1.167 LiF + 0.2778 ZrFe2 + 2.667 LiCl + 0.1667 ScF3,-0.5679
1.3,Li2.375Sc0.375Zr0.625Cl6,1.0000,FeF3 + 3 Li -> 3 LiF + Fe,-1.1353
1.4,Li2.375Sc0.375Zr0.625Cl6,0.0000,Li2.375Zr0.625Sc0.375Cl6 + 1.25 Li -> 0.625 ZrCl2 + 0.375 ScCl3 + 3.625 LiCl,-0.0509
1.4,Li2.375Sc0.375Zr0.625Cl6,0.0943,0.09434 FeF3 + 0.9057 Li2.375Zr0.625Sc0.375Cl6 + 1.226 Li -> 0.09434 Zr6FeCl14 + 0.2453 ScCl3 + 3.377 LiCl + 0.09434 ScF3,-0.1304
1.4,Li2.375Sc0.375Zr0.625Cl6,0.2727,0.2727 FeF3 + 0.7273 Li2.375Zr0.625Sc0.375Cl6 + 1.826 Li -> 0.05785 Zr6FeCl14 + 0.1074 ZrFe2 + 3.554 LiCl + 0.2727 ScF3,-0.2762
1.4,Li2.375Sc0.375Zr0.625Cl6,0.4483,0.4483 FeF3 + 0.5517 Li2.375Zr0.625Sc0.375Cl6 + 2.241 Li -> 0.1207 Li2ZrF6 + 0.2241 ZrFe2 + 3.31 LiCl + 0.2069 ScF3,-0.4207
1.4,Li2.375Sc0.375Zr0.625Cl6,0.4667,0.4667 FeF3 + 0.5333 Li2.375Zr0.625Sc0.375Cl6 + 2.333 Li -> 0.1 Li4ZrF8 + 0.2333 ZrFe2 + 3.2 LiCl + 0.2 ScF3,-0.4368
1.4,Li2.375Sc0.375Zr0.625Cl6,0.5556,0.5556 FeF3 + 0.4444 Li2.375Zr0.625Sc0.375Cl6 + 2.778 Li -> 1.167 LiF + 0.2778 ZrFe2 + 2.667 LiCl + 0.1667 ScF3,-0.5158
1.4,Li2.375Sc0.375Zr0.625Cl6,1.0000,FeF3 + 3 Li -> 3 LiF + Fe,-1.0603
1.5,Li2.375Sc0.375Zr0.625Cl6,0.0000,Li2.375Zr0.625Sc0.375Cl6 + 1.25 Li -> 0.625 ZrCl2 + 0.375 ScCl3 + 3.625 LiCl,-0.0331
1.5,Li2.375Sc0.375Zr0.625Cl6,0.0943,0.09434 FeF3 + 0.9057 Li2.375Zr0.625Sc0.375Cl6 + 1.226 Li -> 0.09434 Zr6FeCl14 + 0.2453 ScCl3 + 3.377 LiCl + 0.09434 ScF3,-0.1121
1.5,Li2.375Sc0.375Zr0.625Cl6,0.2727,0.2727 FeF3 + 0.7273 Li2.375Zr0.625Sc0.375Cl6 + 1.826 Li -> 0.05785 Zr6FeCl14 + 0.1074 ZrFe2 + 3.554 LiCl + 0.2727 ScF3,-0.2466
1.5,Li2.375Sc0.375Zr0.625Cl6,0.4483,0.4483 FeF3 + 0.5517 Li2.375Zr0.625Sc0.375Cl6 + 2.241 Li -> 0.1207 Li2ZrF6 + 0.2241 ZrFe2 + 3.31 LiCl + 0.2069 ScF3,-0.381
1.5,Li2.375Sc0.375Zr0.625Cl6,0.6190,0.619 FeF3 + 0.381 Li2.375Zr0.625Sc0.375Cl6 + 1.857 Li -> 0.2381 Li2ZrF6 + 0.619 Fe + 2.286 LiCl + 0.1429 ScF3,-0.5354
1.5,Li2.375Sc0.375Zr0.625Cl6,0.6712,0.6712 FeF3 + 0.3288 Li2.375Zr0.625Sc0.375Cl6 + 2.014 Li -> 0.2055 Li4ZrF8 + 0.6712 Fe + 1.973 LiCl + 0.1233 ScF3,-0.5862
1.5,Li2.375Sc0.375Zr0.625Cl6,1.0000,FeF3 + 3 Li -> 3 LiF + Fe,-0.9853
1.6,Li2.375Sc0.375Zr0.625Cl6,0.0000,Li2.375Zr0.625Sc0.375Cl6 + 1.25 Li -> 0.625 ZrCl2 + 0.375 ScCl3 + 3.625 LiCl,-0.0152
1.6,Li2.375Sc0.375Zr0.625Cl6,0.0943,0.09434 FeF3 + 0.9057 Li2.375Zr0.625Sc0.375Cl6 + 1.226 Li -> 0.09434 Zr6FeCl14 + 0.2453 ScCl3 + 3.377 LiCl + 0.09434 ScF3,-0.0939
1.6,Li2.375Sc0.375Zr0.625Cl6,0.2727,0.2727 FeF3 + 0.7273 Li2.375Zr0.625Sc0.375Cl6 + 1.576 Li -> 0.07576 Zr6FeCl14 + 0.197 Fe + 3.303 LiCl + 0.2727 ScF3,-0.2204
1.6,Li2.375Sc0.375Zr0.625Cl6,0.6190,0.619 FeF3 + 0.381 Li2.375Zr0.625Sc0.375Cl6 + 1.857 Li -> 0.2381 Li2ZrF6 + 0.619 Fe + 2.286 LiCl + 0.1429 ScF3,-0.4993
1.6,Li2.375Sc0.375Zr0.625Cl6,0.6712,0.6712 FeF3 + 0.3288 Li2.375Zr0.625Sc0.375Cl6 + 2.014 Li -> 0.2055 Li4ZrF8 + 0.6712 Fe + 1.973 LiCl + 0.1233 ScF3,-0.5458
1.6,Li2.375Sc0.375Zr0.625Cl6,1.0000,FeF3 + 3 Li -> 3 LiF + Fe,-0.9103
1.7,Li2.375Sc0.375Zr0.625Cl6,0.0000,Li2.375Zr0.625Sc0.375Cl6 + 0.625 Li -> 0.625 ZrCl3 + 0.375 ScCl3 + 3 LiCl,-0.0045
1.7,Li2.375Sc0.375Zr0.625Cl6,0.0943,0.09434 FeF3 + 0.9057 Li2.375Zr0.625Sc0.375Cl6 + 1.226 Li -> 0.09434 Zr6FeCl14 + 0.2453 ScCl3 + 3.377 LiCl + 0.09434 ScF3,-0.0756
1.7,Li2.375Sc0.375Zr0.625Cl6,0.2727,0.2727 FeF3 + 0.7273 Li2.375Zr0.625Sc0.375Cl6 + 1.576 Li -> 0.07576 Zr6FeCl14 + 0.197 Fe + 3.303 LiCl + 0.2727 ScF3,-0.1949
1.7,Li2.375Sc0.375Zr0.625Cl6,0.6190,0.619 FeF3 + 0.381 Li2.375Zr0.625Sc0.375Cl6 + 1.857 Li -> 0.2381 Li2ZrF6 + 0.619 Fe + 2.286 LiCl + 0.1429 ScF3,-0.4632
1.7,Li2.375Sc0.375Zr0.625Cl6,0.6712,0.6712 FeF3 + 0.3288 Li2.375Zr0.625Sc0.375Cl6 + 2.014 Li -> 0.2055 Li4ZrF8 + 0.6712 Fe + 1.973 LiCl + 0.1233 ScF3,-0.5054
1.7,Li2.375Sc0.375Zr0.625Cl6,1.0000,FeF3 + 3 Li -> 3 LiF + Fe,-0.8353
1.8,Li2.375Sc0.375Zr0.625Cl6,0.0943,0.09434 FeF3 + 0.9057 Li2.375Zr0.625Sc0.375Cl6 + 1.226 Li -> 0.09434 Zr6FeCl14 + 0.2453 ScCl3 + 3.377 LiCl + 0.09434 ScF3,-0.0573
1.8,Li2.375Sc0.375Zr0.625Cl6,0.2727,0.2727 FeF3 + 0.7273 Li2.375Zr0.625Sc0.375Cl6 + 1.576 Li -> 0.07576 Zr6FeCl14 + 0.197 Fe + 3.303 LiCl + 0.2727 ScF3,-0.1694
1.8,Li2.375Sc0.375Zr0.625Cl6,0.6190,0.619 FeF3 + 0.381 Li2.375Zr0.625Sc0.375Cl6 + 1.857 Li -> 0.2381 Li2ZrF6 + 0.619 Fe + 2.286 LiCl + 0.1429 ScF3,-0.4271
1.8,Li2.375Sc0.375Zr0.625Cl6,0.6712,0.6712 FeF3 + 0.3288 Li2.375Zr0.625Sc0.375Cl6 + 2.014 Li -> 0.2055 Li4ZrF8 + 0.6712 Fe + 1.973 LiCl + 0.1233 ScF3,-0.465
1.8,Li2.375Sc0.375Zr0.625Cl6,1.0000,FeF3 + 3 Li -> 3 LiF + Fe,-0.7603
1.9,Li2.375Sc0.375Zr0.625Cl6,0.2727,0.2727 FeF3 + 0.7273 Li2.375Zr0.625Sc0.375Cl6 + 0.8182 Li -> 0.4545 ZrCl4 + 0.2727 Fe + 2.545 LiCl + 0.2727 ScF3,-0.152
1.9,Li2.375Sc0.375Zr0.625Cl6,0.6190,0.619 FeF3 + 0.381 Li2.375Zr0.625Sc0.375Cl6 + 1.857 Li -> 0.2381 Li2ZrF6 + 0.619 Fe + 2.286 LiCl + 0.1429 ScF3,-0.391
1.9,Li2.375Sc0.375Zr0.625Cl6,0.6712,0.6712 FeF3 + 0.3288 Li2.375Zr0.625Sc0.375Cl6 + 2.014 Li -> 0.2055 Li4ZrF8 + 0.6712 Fe + 1.973 LiCl + 0.1233 ScF3,-0.4246
1.9,Li2.375Sc0.375Zr0.625Cl6,1.0000,FeF3 + 3 Li -> 3 LiF + Fe,-0.6853
2.0,Li2.375Sc0.375Zr0.625Cl6,0.2727,0.2727 FeF3 + 0.7273 Li2.375Zr0.625Sc0.375Cl6 + 0.8182 Li -> 0.4545 ZrCl4 + 0.2727 Fe + 2.545 LiCl + 0.2727 ScF3,-0.1388
2.0,Li2.375Sc0.375Zr0.625Cl6,0.6190,0.619 FeF3 + 0.381 Li2.375Zr0.625Sc0.375Cl6 + 1.857 Li -> 0.2381 Li2ZrF6 + 0.619 Fe + 2.286 LiCl + 0.1429 ScF3,-0.3549
2.0,Li2.375Sc0.375Zr0.625Cl6,0.6712,0.6712 FeF3 + 0.3288 Li2.375Zr0.625Sc0.375Cl6 + 2.014 Li -> 0.2055 Li4ZrF8 + 0.6712 Fe + 1.973 LiCl + 0.1233 ScF3,-0.3843
2.0,Li2.375Sc0.375Zr0.625Cl6,1.0000,FeF3 + 3 Li -> 3 LiF + Fe,-0.6103
2.1,Li2.375Sc0.375Zr0.625Cl6,0.2727,0.2727 FeF3 + 0.7273 Li2.375Zr0.625Sc0.375Cl6 + 0.8182 Li -> 0.4545 ZrCl4 + 0.2727 Fe + 2.545 LiCl + 0.2727 ScF3,-0.1256
2.1,Li2.375Sc0.375Zr0.625Cl6,0.6190,0.619 FeF3 + 0.381 Li2.375Zr0.625Sc0.375Cl6 + 1.857 Li -> 0.2381 Li2ZrF6 + 0.619 Fe + 2.286 LiCl + 0.1429 ScF3,-0.3188
2.1,Li2.375Sc0.375Zr0.625Cl6,0.6712,0.6712 FeF3 + 0.3288 Li2.375Zr0.625Sc0.375Cl6 + 2.014 Li -> 0.2055 Li4ZrF8 + 0.6712 Fe + 1.973 LiCl + 0.1233 ScF3,-0.3439
2.1,Li2.375Sc0.375Zr0.625Cl6,1.0000,FeF3 + 3 Li -> 3 LiF + Fe,-0.5353
2.2,Li2.375Sc0.375Zr0.625Cl6,0.2727,0.2727 FeF3 + 0.7273 Li2.375Zr0.625Sc0.375Cl6 + 0.8182 Li -> 0.4545 ZrCl4 + 0.2727 Fe + 2.545 LiCl + 0.2727 ScF3,-0.1123
2.2,Li2.375Sc0.375Zr0.625Cl6,0.6190,0.619 FeF3 + 0.381 Li2.375Zr0.625Sc0.375Cl6 + 1.857 Li -> 0.2381 Li2ZrF6 + 0.619 Fe + 2.286 LiCl + 0.1429 ScF3,-0.2827
2.2,Li2.375Sc0.375Zr0.625Cl6,0.6712,0.6712 FeF3 + 0.3288 Li2.375Zr0.625Sc0.375Cl6 + 2.014 Li -> 0.2055 Li4ZrF8 + 0.6712 Fe + 1.973 LiCl + 0.1233 ScF3,-0.3035
2.2,Li2.375Sc0.375Zr0.625Cl6,1.0000,FeF3 + 3 Li -> 3 LiF + Fe,-0.4603
2.3,Li2.375Sc0.375Zr0.625Cl6,0.2727,0.2727 FeF3 + 0.7273 Li2.375Zr0.625Sc0.375Cl6 + 0.8182 Li -> 0.4545 ZrCl4 + 0.2727 Fe + 2.545 LiCl + 0.2727 ScF3,-0.0991
2.3,Li2.375Sc0.375Zr0.625Cl6,0.6190,0.619 FeF3 + 0.381 Li2.375Zr0.625Sc0.375Cl6 + 1.857 Li -> 0.2381 Li2ZrF6 + 0.619 Fe + 2.286 LiCl + 0.1429 ScF3,-0.2465
2.3,Li2.375Sc0.375Zr0.625Cl6,0.6712,0.6712 FeF3 + 0.3288 Li2.375Zr0.625Sc0.375Cl6 + 2.014 Li -> 0.2055 Li4ZrF8 + 0.6712 Fe + 1.973 LiCl + 0.1233 ScF3,-0.2631
2.3,Li2.375Sc0.375Zr0.625Cl6,1.0000,FeF3 + 3 Li -> 3 LiF + Fe,-0.3853
2.4,Li2.375Sc0.375Zr0.625Cl6,0.2727,0.2727 FeF3 + 0.7273 Li2.375Zr0.625Sc0.375Cl6 + 0.8182 Li -> 0.4545 ZrCl4 + 0.2727 Fe + 2.545 LiCl + 0.2727 ScF3,-0.0859
2.4,Li2.375Sc0.375Zr0.625Cl6,0.6190,0.619 FeF3 + 0.381 Li2.375Zr0.625Sc0.375Cl6 + 1.857 Li -> 0.2381 Li2ZrF6 + 0.619 Fe + 2.286 LiCl + 0.1429 ScF3,-0.2104
2.4,Li2.375Sc0.375Zr0.625Cl6,0.6712,0.6712 FeF3 + 0.3288 Li2.375Zr0.625Sc0.375Cl6 + 2.014 Li -> 0.2055 Li4ZrF8 + 0.6712 Fe + 1.973 LiCl + 0.1233 ScF3,-0.2227
2.4,Li2.375Sc0.375Zr0.625Cl6,1.0000,FeF3 + 3 Li -> 3 LiF + Fe,-0.3103
2.5,Li2.375Sc0.375Zr0.625Cl6,0.2727,0.2727 FeF3 + 0.7273 Li2.375Zr0.625Sc0.375Cl6 + 0.8182 Li -> 0.4545 ZrCl4 + 0.2727 ScF3 + 0.2727 Fe + 2.545 LiCl,-0.0726
2.5,Li2.375Sc0.375Zr0.625Cl6,0.6190,0.619 FeF3 + 0.381 Li2.375Zr0.625Sc0.375Cl6 + 1.857 Li -> 0.2381 Li2ZrF6 + 0.1429 ScF3 + 0.619 Fe + 2.286 LiCl,-0.1743
2.5,Li2.375Sc0.375Zr0.625Cl6,0.8298,0.8298 FeF3 + 0.1702 Li2.375Zr0.625Sc0.375Cl6 + 0.8298 Li -> 0.1064 Li2ZrF6 + 0.06383 ScF3 + 1.021 LiCl + 0.8298 FeF2,-0.2249
2.5,Li2.375Sc0.375Zr0.625Cl6,0.8596,0.8596 FeF3 + 0.1404 Li2.375Zr0.625Sc0.375Cl6 + 0.8596 Li -> 0.08772 Li4ZrF8 + 0.05263 ScF3 + 0.8421 LiCl + 0.8596 FeF2,-0.2317
2.5,Li2.375Sc0.375Zr0.625Cl6,1.0000,FeF3 + Li -> LiF + FeF2,-0.2634
2.6,Li2.375Sc0.375Zr0.625Cl6,0.2727,0.2727 FeF3 + 0.7273 Li2.375Zr0.625Sc0.375Cl6 + 0.2727 Li -> 0.2727 FeCl2 + 0.4545 ZrCl4 + 0.2727 ScF3 + 2 LiCl,-0.0607
2.6,Li2.375Sc0.375Zr0.625Cl6,0.6190,0.619 FeF3 + 0.381 Li2.375Zr0.625Sc0.375Cl6 + 0.619 Li -> 0.2381 ZrFeF6 + 0.381 FeCl2 + 0.1429 ScF3 + 1.524 LiCl,-0.1437
2.6,Li2.375Sc0.375Zr0.625Cl6,0.7838,0.7838 FeF3 + 0.2162 Li2.375Zr0.625Sc0.375Cl6 + 0.7838 Li -> 0.1351 ZrFeF6 + 0.08108 ScF3 + 1.297 LiCl + 0.6486 FeF2,-0.1921
2.6,Li2.375Sc0.375Zr0.625Cl6,0.8298,0.8298 FeF3 + 0.1702 Li2.375Zr0.625Sc0.375Cl6 + 0.8298 Li -> 0.1064 Li2ZrF6 + 0.06383 ScF3 + 1.021 LiCl + 0.8298 FeF2,-0.2066
2.6,Li2.375Sc0.375Zr0.625Cl6,0.8596,0.8596 FeF3 + 0.1404 Li2.375Zr0.625Sc0.375Cl6 + 0.8596 Li -> 0.08772 Li4ZrF8 + 0.05263 ScF3 + 0.8421 LiCl + 0.8596 FeF2,-0.2122
2.6,Li2.375Sc0.375Zr0.625Cl6,1.0000,FeF3 + Li -> LiF + FeF2,-0.2384
2.7,Li2.375Sc0.375Zr0.625Cl6,0.2727,0.2727 FeF3 + 0.7273 Li2.375Zr0.625Sc0.375Cl6 + 0.2727 Li -> 0.2727 FeCl2 + 0.2727 ScF3 + 0.4545 ZrCl4 + 2 LiCl,-0.0563
2.7,Li2.375Sc0.375Zr0.625Cl6,0.6190,0.619 FeF3 + 0.381 Li2.375Zr0.625Sc0.375Cl6 + 0.619 Li -> 0.2381 ZrFeF6 + 0.381 FeCl2 + 0.1429 ScF3 + 1.524 LiCl,-0.1317
2.7,Li2.375Sc0.375Zr0.625Cl6,0.7838,0.7838 FeF3 + 0.2162 Li2.375Zr0.625Sc0.375Cl6 + 0.7838 Li -> 0.1351 ZrFeF6 + 0.08108 ScF3 + 1.297 LiCl + 0.6486 FeF2,-0.1753
2.7,Li2.375Sc0.375Zr0.625Cl6,0.8298,0.8298 FeF3 + 0.1702 Li2.375Zr0.625Sc0.375Cl6 + 0.8298 Li -> 0.1064 Li2ZrF6 + 0.06383 ScF3 + 1.021 LiCl + 0.8298 FeF2,-0.1882
2.7,Li2.375Sc0.375Zr0.625Cl6,0.8596,0.8596 FeF3 + 0.1404 Li2.375Zr0.625Sc0.375Cl6 + 0.8596 Li -> 0.08772 Li4ZrF8 + 0.05263 ScF3 + 0.8421 LiCl + 0.8596 FeF2,-0.1928
2.7,Li2.375Sc0.375Zr0.625Cl6,1.0000,FeF3 + Li -> LiF + FeF2,-0.2134
2.8,Li2.375Sc0.375Zr0.625Cl6,0.2727,0.2727 FeF3 + 0.7273 Li2.375Zr0.625Sc0.375Cl6 -> 0.2727 LiFeCl4 + 0.2727 ScF3 + 0.4545 ZrCl4 + 1.455 LiCl,-0.052
2.8,Li2.375Sc0.375Zr0.625Cl6,0.6190,0.619 FeF3 + 0.381 Li2.375Zr0.625Sc0.375Cl6 + 0.2381 Li -> 0.2381 ZrFeF6 + 0.381 LiFeCl4 + 0.1429 ScF3 + 0.7619 LiCl,-0.1199
2.8,Li2.375Sc0.375Zr0.625Cl6,0.7838,0.7838 FeF3 + 0.2162 Li2.375Zr0.625Sc0.375Cl6 + 0.7838 Li -> 0.1351 ZrFeF6 + 0.08108 ScF3 + 1.297 LiCl + 0.6486 FeF2,-0.1584
2.8,Li2.375Sc0.375Zr0.625Cl6,0.8298,0.8298 FeF3 + 0.1702 Li2.375Zr0.625Sc0.375Cl6 + 0.8298 Li -> 0.1064 Li2ZrF6 + 0.06383 ScF3 + 1.021 LiCl + 0.8298 FeF2,-0.1698
2.8,Li2.375Sc0.375Zr0.625Cl6,0.8596,0.8596 FeF3 + 0.1404 Li2.375Zr0.625Sc0.375Cl6 + 0.8596 Li -> 0.08772 Li4ZrF8 + 0.05263 ScF3 + 0.8421 LiCl + 0.8596 FeF2,-0.1734
2.8,Li2.375Sc0.375Zr0.625Cl6,1.0000,FeF3 + Li -> LiF + FeF2,-0.1884
2.9,Li2.375Sc0.375Zr0.625Cl6,0.2727,0.2727 FeF3 + 0.7273 Li2.375Zr0.625Sc0.375Cl6 -> 0.2727 LiFeCl4 + 0.2727 ScF3 + 0.4545 ZrCl4 + 1.455 LiCl,-0.052
2.9,Li2.375Sc0.375Zr0.625Cl6,0.5789,0.5789 FeF3 + 0.4211 Li2.375Zr0.625Sc0.375Cl6 -> 0.2105 Li2ZrF6 + 0.5789 LiFeCl4 + 0.1579 ScF3 + 0.05263 ZrCl4,-0.1091
2.9,Li2.375Sc0.375Zr0.625Cl6,0.6190,0.619 FeF3 + 0.381 Li2.375Zr0.625Sc0.375Cl6 + 0.04762 Li -> 0.1905 Li2ZrF6 + 0.04762 ZrFeF6 + 0.5714 LiFeCl4 + 0.1429 ScF3,-0.1176
2.9,Li2.375Sc0.375Zr0.625Cl6,0.6522,0.6522 FeF3 + 0.3478 Li2.375Zr0.625Sc0.375Cl6 + 0.1304 Li -> 0.2174 Li2ZrF6 + 0.5217 LiFeCl4 + 0.1304 ScF3 + 0.1304 FeF2,-0.1228
2.9,Li2.375Sc0.375Zr0.625Cl6,0.8298,0.8298 FeF3 + 0.1702 Li2.375Zr0.625Sc0.375Cl6 + 0.8298 Li -> 0.1064 Li2ZrF6 + 0.06383 ScF3 + 1.021 LiCl + 0.8298 FeF2,-0.1514
2.9,Li2.375Sc0.375Zr0.625Cl6,0.8596,0.8596 FeF3 + 0.1404 Li2.375Zr0.625Sc0.375Cl6 + 0.8596 Li -> 0.08772 Li4ZrF8 + 0.05263 ScF3 + 0.8421 LiCl + 0.8596 FeF2,-0.1539
2.9,Li2.375Sc0.375Zr0.625Cl6,1.0000,FeF3 + Li -> LiF + FeF2,-0.1634
3.0,Li2.375Sc0.375Zr0.625Cl6,0.2727,0.2727 FeF3 + 0.7273 Li2.375Zr0.625Sc0.375Cl6 -> 0.2727 LiFeCl4 + 0.2727 ScF3 + 0.4545 ZrCl4 + 1.455 LiCl,-0.052
3.0,Li2.375Sc0.375Zr0.625Cl6,0.5789,0.5789 FeF3 + 0.4211 Li2.375Zr0.625Sc0.375Cl6 -> 0.2105 Li2ZrF6 + 0.5789 LiFeCl4 + 0.1579 ScF3 + 0.05263 ZrCl4,-0.1091
3.0,Li2.375Sc0.375Zr0.625Cl6,0.6190,0.619 FeF3 + 0.381 Li2.375Zr0.625Sc0.375Cl6 + 0.04762 Li -> 0.1905 Li2ZrF6 + 0.04762 ZrFeF6 + 0.5714 LiFeCl4 + 0.1429 ScF3,-0.1166
3.0,Li2.375Sc0.375Zr0.625Cl6,0.6522,0.6522 FeF3 + 0.3478 Li2.375Zr0.625Sc0.375Cl6 + 0.1304 Li -> 0.2174 Li2ZrF6 + 0.5217 LiFeCl4 + 0.1304 ScF3 + 0.1304 FeF2,-0.1202
3.0,Li2.375Sc0.375Zr0.625Cl6,0.8298,0.8298 FeF3 + 0.1702 Li2.375Zr0.625Sc0.375Cl6 + 0.8298 Li -> 0.1064 Li2ZrF6 + 0.06383 ScF3 + 1.021 LiCl + 0.8298 FeF2,-0.133
3.0,Li2.375Sc0.375Zr0.625Cl6,0.8596,0.8596 FeF3 + 0.1404 Li2.375Zr0.625Sc0.375Cl6 + 0.8596 Li -> 0.08772 Li4ZrF8 + 0.05263 ScF3 + 0.8421 LiCl + 0.8596 FeF2,-0.1345
3.0,Li2.375Sc0.375Zr0.625Cl6,1.0000,FeF3 + Li -> LiF + FeF2,-0.1384
3.1,Li2.375Sc0.375Zr0.625Cl6,0.2727,0.2727 FeF3 + 0.7273 Li2.375Zr0.625Sc0.375Cl6 -> 0.2727 LiFeCl4 + 0.2727 ScF3 + 0.4545 ZrCl4 + 1.455 LiCl,-0.052
3.1,Li2.375Sc0.375Zr0.625Cl6,0.5789,0.5789 FeF3 + 0.4211 Li2.375Zr0.625Sc0.375Cl6 -> 0.2105 Li2ZrF6 + 0.5789 LiFeCl4 + 0.1579 ScF3 + 0.05263 ZrCl4,-0.1091
3.1,Li2.375Sc0.375Zr0.625Cl6,0.6190,0.619 FeF3 + 0.381 Li2.375Zr0.625Sc0.375Cl6 + 0.04762 Li -> 0.1905 Li2ZrF6 + 0.04762 ZrFeF6 + 0.5714 LiFeCl4 + 0.1429 ScF3,-0.1157
3.1,Li2.375Sc0.375Zr0.625Cl6,0.6522,0.6522 FeF3 + 0.3478 Li2.375Zr0.625Sc0.375Cl6 + 0.1304 Li -> 0.2174 Li2ZrF6 + 0.5217 LiFeCl4 + 0.1304 ScF3 + 0.1304 FeF2,-0.1176
3.1,Li2.375Sc0.375Zr0.625Cl6,0.7576,0.7576 FeF3 + 0.2424 Li2.375Zr0.625Sc0.375Cl6 + 0.3939 Li -> 0.1515 Li4ZrF8 + 0.3636 LiFeCl4 + 0.09091 ScF3 + 0.3939 FeF2,-0.1176
3.1,Li2.375Sc0.375Zr0.625Cl6,1.0000,FeF3 + Li -> LiF + FeF2,-0.1134
3.2,Li2.375Sc0.375Zr0.625Cl6,0.2727,0.2727 FeF3 + 0.7273 Li2.375Zr0.625Sc0.375Cl6 -> 0.2727 LiFeCl4 + 0.2727 ScF3 + 0.4545 ZrCl4 + 1.455 LiCl,-0.052
3.2,Li2.375Sc0.375Zr0.625Cl6,0.5789,0.5789 FeF3 + 0.4211 Li2.375Zr0.625Sc0.375Cl6 -> 0.2105 Li2ZrF6 + 0.5789 LiFeCl4 + 0.1579 ScF3 + 0.05263 ZrCl4,-0.1091
3.2,Li2.375Sc0.375Zr0.625Cl6,0.6000,0.6 FeF3 + 0.4 Li2.375Zr0.625Sc0.375Cl6 -> 0.03 Li3Zr4F19 + 0.13 Li2ZrF6 + 0.6 LiFeCl4 + 0.15 ScF3,-0.1125
3.2,Li2.375Sc0.375Zr0.625Cl6,0.6190,0.619 FeF3 + 0.381 Li2.375Zr0.625Sc0.375Cl6 + 0.04762 Li -> 0.1905 Li2ZrF6 + 0.04762 ZrFeF6 + 0.5714 LiFeCl4 + 0.1429 ScF3,-0.1148
3.2,Li2.375Sc0.375Zr0.625Cl6,0.6522,0.6522 FeF3 + 0.3478 Li2.375Zr0.625Sc0.375Cl6 + 0.1304 Li -> 0.2174 Li2ZrF6 + 0.5217 LiFeCl4 + 0.1304 ScF3 + 0.1304 FeF2,-0.115
3.2,Li2.375Sc0.375Zr0.625Cl6,0.7576,0.7576 FeF3 + 0.2424 Li2.375Zr0.625Sc0.375Cl6 + 0.3939 Li -> 0.1515 Li4ZrF8 + 0.3636 LiFeCl4 + 0.09091 ScF3 + 0.3939 FeF2,-0.1092
3.2,Li2.375Sc0.375Zr0.625Cl6,1.0000,FeF3 + Li -> LiF + FeF2,-0.0884
3.3,Li2.375Sc0.375Zr0.625Cl6,0.2727,0.2727 FeF3 + 0.7273 Li2.375Zr0.625Sc0.375Cl6 -> 0.2727 LiFeCl4 + 0.2727 ScF3 + 0.4545 ZrCl4 + 1.455 LiCl,-0.052
3.3,Li2.375Sc0.375Zr0.625Cl6,0.5789,0.5789 FeF3 + 0.4211 Li2.375Zr0.625Sc0.375Cl6 -> 0.2105 Li2ZrF6 + 0.5789 LiFeCl4 + 0.1579 ScF3 + 0.05263 ZrCl4,-0.1091
3.3,Li2.375Sc0.375Zr0.625Cl6,0.6000,0.6 FeF3 + 0.4 Li2.375Zr0.625Sc0.375Cl6 -> 0.03 Li3Zr4F19 + 0.13 Li2ZrF6 + 0.6 LiFeCl4 + 0.15 ScF3,-0.1125
3.3,Li2.375Sc0.375Zr0.625Cl6,0.6190,0.619 FeF3 + 0.381 Li2.375Zr0.625Sc0.375Cl6 + 0.04762 Li -> 0.1905 Li2ZrF6 + 0.04762 ZrFeF6 + 0.5714 LiFeCl4 + 0.1429 ScF3,-0.1139
3.3,Li2.375Sc0.375Zr0.625Cl6,0.6522,0.6522 FeF3 + 0.3478 Li2.375Zr0.625Sc0.375Cl6 + 0.1304 Li -> 0.2174 Li2ZrF6 + 0.5217 LiFeCl4 + 0.1304 ScF3 + 0.1304 FeF2,-0.1125
3.3,Li2.375Sc0.375Zr0.625Cl6,0.7576,0.7576 FeF3 + 0.2424 Li2.375Zr0.625Sc0.375Cl6 + 0.3939 Li -> 0.1515 Li4ZrF8 + 0.3636 LiFeCl4 + 0.09091 ScF3 + 0.3939 FeF2,-0.1009
3.3,Li2.375Sc0.375Zr0.625Cl6,1.0000,FeF3 + 0.75 Li -> 0.25 Li3FeF6 + 0.75 FeF2,-0.0665
3.4,Li2.375Sc0.375Zr0.625Cl6,0.2727,0.2727 FeF3 + 0.7273 Li2.375Zr0.625Sc0.375Cl6 -> 0.2727 LiFeCl4 + 0.2727 ScF3 + 0.4545 ZrCl4 + 1.455 LiCl,-0.052
3.4,Li2.375Sc0.375Zr0.625Cl6,0.5789,0.5789 FeF3 + 0.4211 Li2.375Zr0.625Sc0.375Cl6 -> 0.2105 Li2ZrF6 + 0.5789 LiFeCl4 + 0.1579 ScF3 + 0.05263 ZrCl4,-0.1091
3.4,Li2.375Sc0.375Zr0.625Cl6,0.6000,0.6 FeF3 + 0.4 Li2.375Zr0.625Sc0.375Cl6 -> 0.03 Li3Zr4F19 + 0.13 Li2ZrF6 + 0.6 LiFeCl4 + 0.15 ScF3,-0.1125
3.4,Li2.375Sc0.375Zr0.625Cl6,0.6190,0.619 FeF3 + 0.381 Li2.375Zr0.625Sc0.375Cl6 + 0.04762 Li -> 0.1905 Li2ZrF6 + 0.04762 ZrFeF6 + 0.5714 LiFeCl4 + 0.1429 ScF3,-0.1129
3.4,Li2.375Sc0.375Zr0.625Cl6,0.6522,0.6522 FeF3 + 0.3478 Li2.375Zr0.625Sc0.375Cl6 + 0.1304 Li -> 0.2174 Li2ZrF6 + 0.5217 LiFeCl4 + 0.1304 ScF3 + 0.1304 FeF2,-0.1099
3.4,Li2.375Sc0.375Zr0.625Cl6,1.0000,FeF3 + 0.75 Li -> 0.25 Li3FeF6 + 0.75 FeF2,-0.0477
3.5,Li2.375Sc0.375Zr0.625Cl6,0.2727,0.2727 FeF3 + 0.7273 Li2.375Zr0.625Sc0.375Cl6 -> 0.2727 LiFeCl4 + 0.2727 ScF3 + 0.4545 ZrCl4 + 1.455 LiCl,-0.052
3.5,Li2.375Sc0.375Zr0.625Cl6,0.5789,0.5789 FeF3 + 0.4211 Li2.375Zr0.625Sc0.375Cl6 -> 0.2105 Li2ZrF6 + 0.5789 LiFeCl4 + 0.1579 ScF3 + 0.05263 ZrCl4,-0.1091
3.5,Li2.375Sc0.375Zr0.625Cl6,0.6000,0.6 FeF3 + 0.4 Li2.375Zr0.625Sc0.375Cl6 -> 0.03 Li3Zr4F19 + 0.13 Li2ZrF6 + 0.6 LiFeCl4 + 0.15 ScF3,-0.1125
3.5,Li2.375Sc0.375Zr0.625Cl6,0.6190,0.619 FeF3 + 0.381 Li2.375Zr0.625Sc0.375Cl6 + 0.04762 Li -> 0.1905 Li2ZrF6 + 0.04762 ZrFeF6 + 0.5714 LiFeCl4 + 0.1429 ScF3,-0.112
3.5,Li2.375Sc0.375Zr0.625Cl6,0.6522,0.6522 FeF3 + 0.3478 Li2.375Zr0.625Sc0.375Cl6 + 0.1304 Li -> 0.2174 Li2ZrF6 + 0.5217 LiFeCl4 + 0.1304 ScF3 + 0.1304 FeF2,-0.1073
3.5,Li2.375Sc0.375Zr0.625Cl6,1.0000,FeF3 + 0.75 Li -> 0.25 Li3FeF6 + 0.75 FeF2,-0.029
3.6,Li2.375Sc0.375Zr0.625Cl6,0.2727,0.2727 FeF3 + 0.7273 Li2.375Zr0.625Sc0.375Cl6 -> 0.2727 LiFeCl4 + 0.2727 ScF3 + 0.4545 ZrCl4 + 1.455 LiCl,-0.052
3.6,Li2.375Sc0.375Zr0.625Cl6,0.5789,0.5789 FeF3 + 0.4211 Li2.375Zr0.625Sc0.375Cl6 -> 0.2105 Li2ZrF6 + 0.5789 LiFeCl4 + 0.1579 ScF3 + 0.05263 ZrCl4,-0.1091
3.6,Li2.375Sc0.375Zr0.625Cl6,0.6000,0.6 FeF3 + 0.4 Li2.375Zr0.625Sc0.375Cl6 -> 0.03 Li3Zr4F19 + 0.13 Li2ZrF6 + 0.6 LiFeCl4 + 0.15 ScF3,-0.1125
3.6,Li2.375Sc0.375Zr0.625Cl6,0.6190,0.619 FeF3 + 0.381 Li2.375Zr0.625Sc0.375Cl6 + 0.04762 Li -> 0.1905 Li2ZrF6 + 0.04762 ZrFeF6 + 0.5714 LiFeCl4 + 0.1429 ScF3,-0.1111
3.6,Li2.375Sc0.375Zr0.625Cl6,0.6522,0.6522 FeF3 + 0.3478 Li2.375Zr0.625Sc0.375Cl6 + 0.1304 Li -> 0.2174 Li2ZrF6 + 0.5217 LiFeCl4 + 0.1304 ScF3 + 0.1304 FeF2,-0.1047
3.6,Li2.375Sc0.375Zr0.625Cl6,1.0000,FeF3 + 0.5 Li -> 0.5 LiFe2F6,-0.0109
3.7,Li2.375Sc0.375Zr0.625Cl6,0.2727,0.2727 FeF3 + 0.7273 Li2.375Zr0.625Sc0.375Cl6 -> 0.2727 LiFeCl4 + 0.2727 ScF3 + 0.4545 ZrCl4 + 1.455 LiCl,-0.052
3.7,Li2.375Sc0.375Zr0.625Cl6,0.5789,0.5789 FeF3 + 0.4211 Li2.375Zr0.625Sc0.375Cl6 -> 0.2105 Li2ZrF6 + 0.5789 LiFeCl4 + 0.1579 ScF3 + 0.05263 ZrCl4,-0.1091
3.7,Li2.375Sc0.375Zr0.625Cl6,0.6000,0.6 FeF3 + 0.4 Li2.375Zr0.625Sc0.375Cl6 -> 0.03 Li3Zr4F19 + 0.13 Li2ZrF6 + 0.6 LiFeCl4 + 0.15 ScF3,-0.1125
3.7,Li2.375Sc0.375Zr0.625Cl6,0.6190,0.619 FeF3 + 0.381 Li2.375Zr0.625Sc0.375Cl6 -> 0.2381 Li2ZrF6 + 0.1905 FeCl3 + 0.4286 LiFeCl4 + 0.1429 ScF3,-0.1109
3.8,Li2.375Sc0.375Zr0.625Cl6,0.2727,0.2727 FeF3 + 0.7273 Li2.375Zr0.625Sc0.375Cl6 -> 0.2727 LiFeCl4 + 0.2727 ScF3 + 0.4545 ZrCl4 + 1.455 LiCl,-0.052
3.8,Li2.375Sc0.375Zr0.625Cl6,0.5789,0.5789 FeF3 + 0.4211 Li2.375Zr0.625Sc0.375Cl6 -> 0.2105 Li2ZrF6 + 0.5789 LiFeCl4 + 0.1579 ScF3 + 0.05263 ZrCl4,-0.1091
3.8,Li2.375Sc0.375Zr0.625Cl6,0.6000,0.6 FeF3 + 0.4 Li2.375Zr0.625Sc0.375Cl6 -> 0.03 Li3Zr4F19 + 0.13 Li2ZrF6 + 0.6 LiFeCl4 + 0.15 ScF3,-0.1125
3.8,Li2.375Sc0.375Zr0.625Cl6,0.6190,0.619 FeF3 + 0.381 Li2.375Zr0.625Sc0.375Cl6 -> 0.2381 Li2ZrF6 + 0.4286 LiFeCl4 + 0.1905 FeCl3 + 0.1429 ScF3,-0.1109
3.9,Li2.375Sc0.375Zr0.625Cl6,0.2727,0.2727 FeF3 + 0.7273 Li2.375Zr0.625Sc0.375Cl6 -> 0.2727 LiFeCl4 + 0.2727 ScF3 + 0.4545 ZrCl4 + 1.455 LiCl,-0.052
3.9,Li2.375Sc0.375Zr0.625Cl6,0.5789,0.5789 FeF3 + 0.4211 Li2.375Zr0.625Sc0.375Cl6 -> 0.2105 Li2ZrF6 + 0.5789 LiFeCl4 + 0.1579 ScF3 + 0.05263 ZrCl4,-0.1091
3.9,Li2.375Sc0.375Zr0.625Cl6,0.6000,0.6 FeF3 + 0.4 Li2.375Zr0.625Sc0.375Cl6 -> 0.03 Li3Zr4F19 + 0.13 Li2ZrF6 + 0.6 LiFeCl4 + 0.15 ScF3,-0.1125
3.9,Li2.375Sc0.375Zr0.625Cl6,0.6190,0.619 FeF3 + 0.381 Li2.375Zr0.625Sc0.375Cl6 -> 0.2381 Li2ZrF6 + 0.4286 LiFeCl4 + 0.1905 FeCl3 + 0.1429 ScF3,-0.1109
4.0,Li2.375Sc0.375Zr0.625Cl6,0.2727,0.2727 FeF3 + 0.7273 Li2.375Zr0.625Sc0.375Cl6 -> 0.2727 LiFeCl4 + 0.2727 ScF3 + 0.4545 ZrCl4 + 1.455 LiCl,-0.052
4.0,Li2.375Sc0.375Zr0.625Cl6,0.5789,0.5789 FeF3 + 0.4211 Li2.375Zr0.625Sc0.375Cl6 -> 0.2105 Li2ZrF6 + 0.5789 LiFeCl4 + 0.1579 ScF3 + 0.05263 ZrCl4,-0.1091
4.0,Li2.375Sc0.375Zr0.625Cl6,0.6000,0.6 FeF3 + 0.4 Li2.375Zr0.625Sc0.375Cl6 -> 0.03 Li3Zr4F19 + 0.13 Li2ZrF6 + 0.6 LiFeCl4 + 0.15 ScF3,-0.1125
4.0,Li2.375Sc0.375Zr0.625Cl6,0.6190,0.619 FeF3 + 0.381 Li2.375Zr0.625Sc0.375Cl6 -> 0.2381 Li2ZrF6 + 0.4286 LiFeCl4 + 0.1905 FeCl3 + 0.1429 ScF3,-0.1109
4.1,Li2.375Sc0.375Zr0.625Cl6,0.2727,0.2727 FeF3 + 0.7273 Li2.375Zr0.625Sc0.375Cl6 -> 0.2727 LiFeCl4 + 0.2727 ScF3 + 0.4545 ZrCl4 + 1.455 LiCl,-0.052
4.1,Li2.375Sc0.375Zr0.625Cl6,0.5789,0.5789 FeF3 + 0.4211 Li2.375Zr0.625Sc0.375Cl6 -> 0.2105 Li2ZrF6 + 0.5789 LiFeCl4 + 0.1579 ScF3 + 0.05263 ZrCl4,-0.1091
4.1,Li2.375Sc0.375Zr0.625Cl6,0.6000,0.6 FeF3 + 0.4 Li2.375Zr0.625Sc0.375Cl6 -> 0.03 Li3Zr4F19 + 0.13 Li2ZrF6 + 0.6 LiFeCl4 + 0.15 ScF3,-0.1125
4.1,Li2.375Sc0.375Zr0.625Cl6,0.6190,0.619 FeF3 + 0.381 Li2.375Zr0.625Sc0.375Cl6 -> 0.2381 Li2ZrF6 + 0.4286 LiFeCl4 + 0.1905 FeCl3 + 0.1429 ScF3,-0.1109
4.2,Li2.375Sc0.375Zr0.625Cl6,0.2727,0.2727 FeF3 + 0.7273 Li2.375Zr0.625Sc0.375Cl6 -> 0.2727 Li + 0.2727 FeCl4 + 0.2727 ScF3 + 0.4545 ZrCl4 + 1.455 LiCl,-0.0547
4.2,Li2.375Sc0.375Zr0.625Cl6,0.5789,0.5789 FeF3 + 0.4211 Li2.375Zr0.625Sc0.375Cl6 -> 0.5789 Li + 0.2105 Li2ZrF6 + 0.5789 FeCl4 + 0.1579 ScF3 + 0.05263 ZrCl4,-0.1157
4.2,Li2.375Sc0.375Zr0.625Cl6,0.6000,0.6 FeF3 + 0.4 Li2.375Zr0.625Sc0.375Cl6 -> 0.6 Li + 0.03 Li3Zr4F19 + 0.13 Li2ZrF6 + 0.6 FeCl4 + 0.15 ScF3,-0.1194
4.2,Li2.375Sc0.375Zr0.625Cl6,0.6190,0.619 FeF3 + 0.381 Li2.375Zr0.625Sc0.375Cl6 -> 0.4286 Li + 0.2381 Li2ZrF6 + 0.4286 FeCl4 + 0.1905 FeCl3 + 0.1429 ScF3,-0.1158
1.0,Li3InCl6,0.0000,Li3InCl6 + 3 Li -> In + 6 LiCl,-0.5589
1.0,Li3InCl6,1.0000,FeF3 + 3 Li -> Fe + 3 LiF,-1.3603
1.1,Li3InCl6,0.0000,Li3InCl6 + 3 Li -> In + 6 LiCl,-0.516
1.1,Li3InCl6,1.0000,FeF3 + 3 Li -> Fe + 3 LiF,-1.2853
1.2,Li3InCl6,0.0000,Li3InCl6 + 3 Li -> In + 6 LiCl,-0.4731
1.2,Li3InCl6,1.0000,FeF3 + 3 Li -> Fe + 3 LiF,-1.2103
1.3,Li3InCl6,0.0000,Li3InCl6 + 3 Li -> In + 6 LiCl,-0.4303
1.3,Li3InCl6,1.0000,FeF3 + 3 Li -> Fe + 3 LiF,-1.1353
1.4,Li3InCl6,0.0000,Li3InCl6 + 3 Li -> In + 6 LiCl,-0.3874
1.4,Li3InCl6,1.0000,FeF3 + 3 Li -> Fe + 3 LiF,-1.0603
1.5,Li3InCl6,0.0000,Li3InCl6 + 3 Li -> In + 6 LiCl,-0.3446
1.5,Li3InCl6,1.0000,FeF3 + 3 Li -> Fe + 3 LiF,-0.9853
1.6,Li3InCl6,0.0000,Li3InCl6 + 3 Li -> In + 6 LiCl,-0.3017
1.6,Li3InCl6,1.0000,FeF3 + 3 Li -> Fe + 3 LiF,-0.9103
1.7,Li3InCl6,0.0000,Li3InCl6 + 3 Li -> In + 6 LiCl,-0.2589
1.7,Li3InCl6,1.0000,FeF3 + 3 Li -> Fe + 3 LiF,-0.8353
1.8,Li3InCl6,0.0000,Li3InCl6 + 3 Li -> In + 6 LiCl,-0.216
1.8,Li3InCl6,1.0000,FeF3 + 3 Li -> Fe + 3 LiF,-0.7603
1.9,Li3InCl6,0.0000,Li3InCl6 + 3 Li -> In + 6 LiCl,-0.1731
1.9,Li3InCl6,1.0000,FeF3 + 3 Li -> Fe + 3 LiF,-0.6853
2.0,Li3InCl6,0.0000,Li3InCl6 + 3 Li -> In + 6 LiCl,-0.1303
2.0,Li3InCl6,1.0000,FeF3 + 3 Li -> Fe + 3 LiF,-0.6103
2.1,Li3InCl6,0.0000,Li3InCl6 + 2 Li -> InCl + 5 LiCl,-0.0971
2.1,Li3InCl6,1.0000,FeF3 + 3 Li -> Fe + 3 LiF,-0.5353
2.2,Li3InCl6,0.0000,Li3InCl6 + 1.714 Li -> 0.1429 In7Cl9 + 4.714 LiCl,-0.0687
2.2,Li3InCl6,1.0000,FeF3 + 3 Li -> Fe + 3 LiF,-0.4603
2.3,Li3InCl6,0.0000,Li3InCl6 + Li -> InCl2 + 4 LiCl,-0.0466
2.3,Li3InCl6,1.0000,FeF3 + 3 Li -> Fe + 3 LiF,-0.3853
2.4,Li3InCl6,0.0000,Li3InCl6 + Li -> InCl2 + 4 LiCl,-0.0323
2.4,Li3InCl6,1.0000,FeF3 + 3 Li -> Fe + 3 LiF,-0.3103
2.5,Li3InCl6,0.0000,Li3InCl6 + Li -> InCl2 + 4 LiCl,-0.0181
2.5,Li3InCl6,1.0000,FeF3 + Li -> LiF + FeF2,-0.2634
2.6,Li3InCl6,0.0000,Li3InCl6 + Li -> InCl2 + 4 LiCl,-0.0038
2.6,Li3InCl6,1.0000,FeF3 + Li -> LiF + FeF2,-0.2384
2.7,Li3InCl6,1.0000,FeF3 + Li -> LiF + FeF2,-0.2134
2.8,Li3InCl6,1.0000,FeF3 + Li -> LiF + FeF2,-0.1884
2.9,Li3InCl6,1.0000,FeF3 + Li -> LiF + FeF2,-0.1634
3.0,Li3InCl6,1.0000,FeF3 + Li -> LiF + FeF2,-0.1384
3.1,Li3InCl6,1.0000,FeF3 + Li -> LiF + FeF2,-0.1134
3.2,Li3InCl6,1.0000,FeF3 + Li -> LiF + FeF2,-0.0884
3.3,Li3InCl6,0.6000,0.6 FeF3 + 0.4 Li3InCl6 -> 0.3 Li3FeF6 + 0.3 LiFeCl4 + 0.4 InCl3,-0.0338
3.3,Li3InCl6,1.0000,FeF3 + 0.75 Li -> 0.25 Li3FeF6 + 0.75 FeF2,-0.0665
3.4,Li3InCl6,0.6000,0.6 FeF3 + 0.4 Li3InCl6 -> 0.3 Li3FeF6 + 0.3 LiFeCl4 + 0.4 InCl3,-0.0338
3.4,Li3InCl6,1.0000,FeF3 + 0.75 Li -> 0.25 Li3FeF6 + 0.75 FeF2,-0.0477
3.5,Li3InCl6,0.6000,0.6 FeF3 + 0.4 Li3InCl6 -> 0.3 Li3FeF6 + 0.3 LiFeCl4 + 0.4 InCl3,-0.0338
3.5,Li3InCl6,1.0000,FeF3 + 0.75 Li -> 0.25 Li3FeF6 + 0.75 FeF2,-0.029
3.6,Li3InCl6,0.6000,0.6 FeF3 + 0.4 Li3InCl6 -> 0.3 Li3FeF6 + 0.3 LiFeCl4 + 0.4 InCl3,-0.0338
3.6,Li3InCl6,1.0000,FeF3 + 0.5 Li -> 0.5 LiFe2F6,-0.0109
3.7,Li3InCl6,0.6000,0.6 FeF3 + 0.4 Li3InCl6 -> 0.3 Li3FeF6 + 0.3 LiFeCl4 + 0.4 InCl3,-0.0338
3.8,Li3InCl6,0.6000,0.6 FeF3 + 0.4 Li3InCl6 -> 0.3 Li3FeF6 + 0.3 LiFeCl4 + 0.4 InCl3,-0.0338
3.9,Li3InCl6,0.6000,0.6 FeF3 + 0.4 Li3InCl6 -> 0.3 LiFeCl4 + 0.3 Li3FeF6 + 0.4 InCl3,-0.0338
4.0,Li3InCl6,0.6000,0.6 FeF3 + 0.4 Li3InCl6 -> 0.3 Li3FeF6 + 0.3 LiFeCl4 + 0.4 InCl3,-0.0338
4.1,Li3InCl6,0.6000,0.6 FeF3 + 0.4 Li3InCl6 -> 0.3 Li3FeF6 + 0.3 LiFeCl4 + 0.4 InCl3,-0.0338
4.2,Li3InCl6,0.4286,0.4286 FeF3 + 0.5714 Li3InCl6 -> 0.4286 Li + 0.4286 FeCl4 + 0.5714 InCl3 + 1.286 LiF,-0.0257
4.2,Li3InCl6,0.6000,0.6 FeF3 + 0.4 Li3InCl6 -> 0.3 Li + 0.3 Li3FeF6 + 0.3 FeCl4 + 0.4 InCl3,-0.0372
